batsmen,bowler,balls,wickets
AB de Villiers,Amit Mishra,11,0
AB de Villiers,Andre Russell,4,0
AB de Villiers,Andrew Tye,8,1
AB de Villiers,Axar Patel,9,1
AB de Villiers,Basil Thampi,6,1
AB de Villiers,Ben Laughlin,7,1
AB de Villiers,Chris Morris,8,1
AB de Villiers,Dwayne Bravo,1,1
AB de Villiers,Harbhajan Singh,6,1
AB de Villiers,Harshal Patel,21,1
AB de Villiers,Imran Tahir,10,1
AB de Villiers,Ish Sodhi,13,1
AB de Villiers,Jaydev Unadkat,6,1
AB de Villiers,Jofra Archer,6,1
AB de Villiers,Junior Dala,1,1
AB de Villiers,Krishnappa Gowtham,1,1
AB de Villiers,Kuldeep Yadav,4,1
AB de Villiers,Mitchell Johnson,6,1
AB de Villiers,Mitchell McClenaghan,2,1
AB de Villiers,Mohit Sharma,12,1
AB de Villiers,Mujeeb Ur Rahman,7,1
AB de Villiers,Nitish Rana,2,1
AB de Villiers,Piyush Chawla,2,1
AB de Villiers,Rahul Tewatia,10,1
AB de Villiers,Rashid Khan,10,2
AB de Villiers,Ravichandran Ashwin,4,2
AB de Villiers,Ravindra Jadeja,5,2
AB de Villiers,Sandeep Lamichhane,8,2
AB de Villiers,Sandeep Sharma,12,2
AB de Villiers,Shahbaz Nadeem,7,2
AB de Villiers,Shakib Al Hasan,15,2
AB de Villiers,Shane Watson,4,2
AB de Villiers,Shardul Thakur,9,2
AB de Villiers,Shreyas Gopal,21,2
AB de Villiers,Siddarth Kaul,7,2
AB de Villiers,Sunil Narine,5,2
AB de Villiers,Trent Boult,11,2
Aaron Finch,Avesh Khan,1,1
Aaron Finch,Colin de Grandhomme,6,1
Aaron Finch,Deepak Chahar,4,1
Aaron Finch,Hardik Pandya,10,1
Aaron Finch,Imran Tahir,1,1
Aaron Finch,Jasprit Bumrah,4,1
Aaron Finch,Javon Searles,4,1
Aaron Finch,Krunal Pandya,11,1
Aaron Finch,Kuldeep Yadav,6,1
Aaron Finch,Lungi Ngidi,2,1
Aaron Finch,Mayank Markande,7,1
Aaron Finch,Mitchell McClenaghan,3,1
Aaron Finch,Moeen Ali,4,1
Aaron Finch,Mohammed Siraj,8,1
Aaron Finch,Piyush Chawla,6,1
Aaron Finch,Rashid Khan,4,1
Aaron Finch,Shakib Al Hasan,3,1
Aaron Finch,Siddarth Kaul,3,1
Aaron Finch,Sunil Narine,4,1
Aaron Finch,Trent Boult,3,1
Aaron Finch,Umesh Yadav,1,1
Aaron Finch,Yuzvendra Chahal,7,1
Ajinkya Rahane,Andre Russell,14,0
Ajinkya Rahane,Andrew Tye,3,1
Ajinkya Rahane,Ankit Rajpoot,1,1
Ajinkya Rahane,Axar Patel,5,1
Ajinkya Rahane,Basil Thampi,1,1
Ajinkya Rahane,Bhuvneshwar Kumar,3,1
Ajinkya Rahane,Billy Stanlake,2,1
Ajinkya Rahane,Chris Morris,4,1
Ajinkya Rahane,Chris Woakes,8,1
Ajinkya Rahane,Colin de Grandhomme,5,1
Ajinkya Rahane,Deepak Chahar,11,1
Ajinkya Rahane,Hardik Pandya,6,1
Ajinkya Rahane,Jasprit Bumrah,8,1
Ajinkya Rahane,Javon Searles,2,1
Ajinkya Rahane,Krunal Pandya,17,1
Ajinkya Rahane,Kuldeep Yadav,15,2
Ajinkya Rahane,Marcus Stoinis,1,2
Ajinkya Rahane,Mayank Markande,3,2
Ajinkya Rahane,Mitchell McClenaghan,18,1
Ajinkya Rahane,Moeen Ali,2,1
Ajinkya Rahane,Mohammed Shami,11,1
Ajinkya Rahane,Mohammed Siraj,5,1
Ajinkya Rahane,Mohit Sharma,4,1
Ajinkya Rahane,Mujeeb Ur Rahman,3,1
Ajinkya Rahane,Mustafizur Rahman,2,1
Ajinkya Rahane,Nitish Rana,2,1
Ajinkya Rahane,Piyush Chawla,15,1
Ajinkya Rahane,Prasidh Krishna,9,1
Ajinkya Rahane,Rahul Tewatia,8,1
Ajinkya Rahane,Rashid Khan,14,1
Ajinkya Rahane,Ravindra Jadeja,3,1
Ajinkya Rahane,Sandeep Sharma,10,1
Ajinkya Rahane,Shahbaz Nadeem,9,1
Ajinkya Rahane,Shakib Al Hasan,16,1
Ajinkya Rahane,Shardul Thakur,2,1
Ajinkya Rahane,Shivam Mavi,2,1
Ajinkya Rahane,Siddarth Kaul,14,1
Ajinkya Rahane,Sunil Narine,14,1
Ajinkya Rahane,Tim Southee,7,1
Ajinkya Rahane,Trent Boult,8,1
Ajinkya Rahane,Umesh Yadav,17,1
Ajinkya Rahane,Washington Sundar,6,1
Ajinkya Rahane,Yusuf Pathan,7,1
Ajinkya Rahane,Yuzvendra Chahal,6,1
Akila Dananjaya,Mohammed Shami,3,0
Akila Dananjaya,Trent Boult,2,0
Akshdeep Nath,Ish Sodhi,6,1
Akshdeep Nath,Jaydev Unadkat,2,1
Akshdeep Nath,Jofra Archer,1,1
Akshdeep Nath,Mahipal Lomror,4,1
Alex Hales,Amit Mishra,7,1
Alex Hales,Avesh Khan,9,1
Alex Hales,Ben Stokes,8,1
Alex Hales,Dan Christian,3,1
Alex Hales,David Willey,1,1
Alex Hales,Deepak Chahar,7,1
Alex Hales,Dhawal Kulkarni,6,1
Alex Hales,Glenn Maxwell,3,1
Alex Hales,Harshal Patel,4,1
Alex Hales,Ish Sodhi,6,1
Alex Hales,Jaydev Unadkat,4,1
Alex Hales,Jofra Archer,3,1
Alex Hales,Krishnappa Gowtham,8,1
Alex Hales,Liam Plunkett,4,1
Alex Hales,Mahipal Lomror,4,1
Alex Hales,Moeen Ali,7,1
Alex Hales,Mohammed Siraj,3,1
Alex Hales,Shardul Thakur,1,1
Alex Hales,Tim Southee,3,1
Alex Hales,Trent Boult,12,1
Alex Hales,Umesh Yadav,10,1
Alex Hales,Yuzvendra Chahal,6,1
Ambati Rayudu,Amit Mishra,12,0
Ambati Rayudu,Andre Russell,13,0
Ambati Rayudu,Andrew Tye,5,0
Ambati Rayudu,Ankit Rajpoot,1,0
Ambati Rayudu,Ankit Sharma,4,0
Ambati Rayudu,Avesh Khan,17,0
Ambati Rayudu,Barinder Sran,6,1
Ambati Rayudu,Ben Cutting,5,1
Ambati Rayudu,Ben Laughlin,2,1
Ambati Rayudu,Ben Stokes,4,1
Ambati Rayudu,Bhuvneshwar Kumar,21,1
Ambati Rayudu,Billy Stanlake,7,1
Ambati Rayudu,Carlos Brathwaite,4,1
Ambati Rayudu,Colin de Grandhomme,3,1
Ambati Rayudu,Corey Anderson,10,1
Ambati Rayudu,Deepak Hooda,3,1
Ambati Rayudu,Glenn Maxwell,4,1
Ambati Rayudu,Hardik Pandya,17,1
Ambati Rayudu,Harshal Patel,6,1
Ambati Rayudu,Jasprit Bumrah,7,1
Ambati Rayudu,Jofra Archer,1,1
Ambati Rayudu,Krishnappa Gowtham,5,1
Ambati Rayudu,Krunal Pandya,5,1
Ambati Rayudu,Kuldeep Yadav,4,1
Ambati Rayudu,Liam Plunkett,4,1
Ambati Rayudu,Mayank Markande,8,1
Ambati Rayudu,Mitchell Johnson,5,1
Ambati Rayudu,Mitchell McClenaghan,11,1
Ambati Rayudu,Mohammed Siraj,13,1
Ambati Rayudu,Mohit Sharma,6,1
Ambati Rayudu,Mujeeb Ur Rahman,8,1
Ambati Rayudu,Murugan Ashwin,1,1
Ambati Rayudu,Mustafizur Rahman,2,1
Ambati Rayudu,Pawan Negi,6,1
Ambati Rayudu,Piyush Chawla,12,1
Ambati Rayudu,Rashid Khan,33,1
Ambati Rayudu,Ravichandran Ashwin,11,1
Ambati Rayudu,Sam Curran,1,1
Ambati Rayudu,Sandeep Sharma,8,1
Ambati Rayudu,Shakib Al Hasan,22,1
Ambati Rayudu,Siddarth Kaul,23,2
Ambati Rayudu,Stuart Binny,1,2
Ambati Rayudu,Sunil Narine,8,1
Ambati Rayudu,Tim Southee,10,1
Ambati Rayudu,Trent Boult,7,1
Ambati Rayudu,Umesh Yadav,15,1
Ambati Rayudu,Vijay Shankar,5,1
Ambati Rayudu,Washington Sundar,5,1
Ambati Rayudu,Yuvraj Singh,3,1
Ambati Rayudu,Yuzvendra Chahal,16,1
Amit Mishra,Barinder Sran,2,0
Andre Russell,Amit Mishra,5,1
Andre Russell,Andrew Tye,8,1
Andre Russell,Avesh Khan,10,1
Andre Russell,Axar Patel,5,1
Andre Russell,Barinder Sran,5,1
Andre Russell,Ben Laughlin,11,1
Andre Russell,Ben Stokes,1,1
Andre Russell,Billy Stanlake,2,1
Andre Russell,Carlos Brathwaite,1,1
Andre Russell,Chris Morris,2,1
Andre Russell,Chris Woakes,6,1
Andre Russell,Dwayne Bravo,14,1
Andre Russell,Hardik Pandya,4,1
Andre Russell,Imran Tahir,8,1
Andre Russell,Ish Sodhi,5,1
Andre Russell,Jasprit Bumrah,2,1
Andre Russell,Jaydev Unadkat,5,1
Andre Russell,Jofra Archer,10,1
Andre Russell,Liam Plunkett,8,1
Andre Russell,Mayank Markande,5,1
Andre Russell,Mitchell McClenaghan,3,1
Andre Russell,Mohammed Shami,9,1
Andre Russell,Mohammed Siraj,1,1
Andre Russell,Mohit Sharma,4,1
Andre Russell,Mujeeb Ur Rahman,1,1
Andre Russell,Rahul Tewatia,5,1
Andre Russell,Rashid Khan,5,1
Andre Russell,Shakib Al Hasan,5,1
Andre Russell,Shane Watson,7,1
Andre Russell,Shardul Thakur,7,1
Andre Russell,Siddarth Kaul,3,1
Andre Russell,Trent Boult,5,1
Andre Russell,Umesh Yadav,7,1
Andrew Tye,Andre Russell,1,0
Andrew Tye,Chris Woakes,3,1
Andrew Tye,Dan Christian,2,1
Andrew Tye,Dwayne Bravo,4,1
Andrew Tye,Javon Searles,2,1
Andrew Tye,Jaydev Unadkat,1,1
Andrew Tye,Liam Plunkett,3,1
Andrew Tye,Lungi Ngidi,2,1
Andrew Tye,Prasidh Krishna,6,1
Andrew Tye,Sandeep Sharma,2,1
Andrew Tye,Sunil Narine,2,1
Andrew Tye,Trent Boult,4,1
Andrew Tye,Umesh Yadav,6,1
Andrew Tye,Washington Sundar,2,1
Ankit Rajpoot,Basil Thampi,1,1
Ankit Rajpoot,Dwayne Bravo,1,1
Ankit Rajpoot,Mohammed Siraj,5,1
Ankit Rajpoot,Rashid Khan,3,1
Ankit Rajpoot,Shardul Thakur,3,1
Ankit Rajpoot,Siddarth Kaul,5,1
Ankit Sharma,Ben Cutting,2,0
Ankit Sharma,Jasprit Bumrah,4,0
Ankit Sharma,Krunal Pandya,1,0
Ankit Sharma,Mohammed Siraj,11,0
Ankit Sharma,Mustafizur Rahman,4,0
Ankit Sharma,Ravindra Jadeja,1,0
Ankit Sharma,Shardul Thakur,3,1
Ankit Sharma,Tim Southee,9,1
Anureet Singh,Andre Russell,1,0
Anureet Singh,Prasidh Krishna,3,0
Axar Patel,Anureet Singh,4,1
Axar Patel,Ben Cutting,3,1
Axar Patel,Colin de Grandhomme,4,1
Axar Patel,Dwayne Bravo,5,1
Axar Patel,Jasprit Bumrah,6,1
Axar Patel,Javon Searles,4,1
Axar Patel,Jaydev Unadkat,2,1
Axar Patel,Krishnappa Gowtham,4,1
Axar Patel,Krunal Pandya,2,1
Axar Patel,Kuldeep Yadav,5,1
Axar Patel,Kulwant Khejroliya,2,1
Axar Patel,Mayank Markande,3,1
Axar Patel,Mitchell McClenaghan,6,1
Axar Patel,Moeen Ali,4,1
Axar Patel,Mohammed Siraj,2,1
Axar Patel,Ravindra Jadeja,5,1
Axar Patel,Shardul Thakur,2,1
Axar Patel,Sunil Narine,3,1
Axar Patel,Umesh Yadav,2,1
Axar Patel,Washington Sundar,1,1
Axar Patel,Yuzvendra Chahal,2,1
Barinder Sran,Prasidh Krishna,1,0
Barinder Sran,Sandeep Sharma,1,0
Barinder Sran,Siddarth Kaul,4,1
Barinder Sran,Trent Boult,1,1
Basil Thampi,Jasprit Bumrah,2,0
Basil Thampi,Mayank Markande,1,1
Basil Thampi,Mustafizur Rahman,3,1
Ben Cutting,Amit Mishra,3,0
Ben Cutting,Andrew Tye,3,0
Ben Cutting,Ben Stokes,3,0
Ben Cutting,Billy Stanlake,1,0
Ben Cutting,Harshal Patel,2,1
Ben Cutting,Jaydev Unadkat,1,1
Ben Cutting,Jofra Archer,3,1
Ben Cutting,Liam Plunkett,5,1
Ben Cutting,Mohammed Siraj,1,1
Ben Cutting,Piyush Chawla,5,1
Ben Cutting,Prasidh Krishna,5,1
Ben Cutting,Rashid Khan,3,1
Ben Cutting,Ravichandran Ashwin,4,1
Ben Cutting,Sandeep Lamichhane,2,1
Ben Cutting,Shakib Al Hasan,2,1
Ben Cutting,Siddarth Kaul,3,1
Ben Cutting,Tim Southee,5,1
Ben Cutting,Trent Boult,8,1
Ben Laughlin,Karn Sharma,1,1
Ben Laughlin,Siddarth Kaul,3,1
Ben Stokes,Andrew Tye,4,1
Ben Stokes,Billy Stanlake,4,1
Ben Stokes,Chris Morris,5,1
Ben Stokes,Deepak Chahar,7,1
Ben Stokes,Dwayne Bravo,5,1
Ben Stokes,Harbhajan Singh,4,1
Ben Stokes,Hardik Pandya,4,1
Ben Stokes,Imran Tahir,15,1
Ben Stokes,Jasprit Bumrah,3,1
Ben Stokes,Krunal Pandya,4,1
Ben Stokes,Kuldeep Yadav,12,1
Ben Stokes,Kulwant Khejroliya,9,1
Ben Stokes,Mayank Markande,6,1
Ben Stokes,Mitchell McClenaghan,5,1
Ben Stokes,Mohit Sharma,1,1
Ben Stokes,Mujeeb Ur Rahman,8,1
Ben Stokes,Mustafizur Rahman,7,1
Ben Stokes,Nitish Rana,1,1
Ben Stokes,Piyush Chawla,1,1
Ben Stokes,Rashid Khan,4,1
Ben Stokes,Ravichandran Ashwin,7,1
Ben Stokes,Ravindra Jadeja,3,1
Ben Stokes,Shahbaz Nadeem,2,1
Ben Stokes,Shane Watson,7,1
Ben Stokes,Shardul Thakur,4,1
Ben Stokes,Shivam Mavi,4,1
Ben Stokes,Siddarth Kaul,2,1
Ben Stokes,Sunil Narine,6,1
Ben Stokes,Trent Boult,8,2
Ben Stokes,Umesh Yadav,5,2
Ben Stokes,Washington Sundar,6,2
Ben Stokes,Yusuf Pathan,1,1
Ben Stokes,Yuzvendra Chahal,2,1
Bhuvneshwar Kumar,Dwayne Bravo,6,0
Bhuvneshwar Kumar,Lungi Ngidi,6,0
Bhuvneshwar Kumar,Prasidh Krishna,3,1
Bhuvneshwar Kumar,Shardul Thakur,1,1
Bhuvneshwar Kumar,Tim Southee,2,1
Billy Stanlake,Ben Cutting,2,0
Brendon McCullum,Andre Russell,3,1
Brendon McCullum,Axar Patel,1,1
Brendon McCullum,David Willey,2,1
Brendon McCullum,Hardik Pandya,4,1
Brendon McCullum,Jasprit Bumrah,2,1
Brendon McCullum,Krishnappa Gowtham,4,1
Brendon McCullum,Krunal Pandya,8,1
Brendon McCullum,Kuldeep Yadav,12,1
Brendon McCullum,Lungi Ngidi,2,1
Brendon McCullum,Mayank Markande,7,1
Brendon McCullum,Mitchell Johnson,9,1
Brendon McCullum,Mitchell McClenaghan,3,1
Brendon McCullum,Piyush Chawla,20,1
Brendon McCullum,R Vinay Kumar,6,1
Brendon McCullum,Shivam Mavi,3,1
Brendon McCullum,Sunil Narine,4,1
Carlos Brathwaite,Andre Russell,1,1
Carlos Brathwaite,Dwayne Bravo,10,1
Carlos Brathwaite,Lungi Ngidi,11,1
Carlos Brathwaite,Prasidh Krishna,7,1
Carlos Brathwaite,Ravindra Jadeja,5,1
Carlos Brathwaite,Shardul Thakur,19,1
Carlos Brathwaite,Sunil Narine,1,1
Chris Gayle,Andre Russell,15,1
Chris Gayle,Basil Thampi,5,1
Chris Gayle,Ben Cutting,3,1
Chris Gayle,Bhuvneshwar Kumar,11,1
Chris Gayle,Chris Anderson,13,1
Chris Gayle,Deepak Chahar,10,1
Chris Gayle,Deepak Hooda,9,1
Chris Gayle,Dwayne Bravo,2,1
Chris Gayle,Harbhajan Singh,12,1
Chris Gayle,Hardik Pandya,19,1
Chris Gayle,Imran Tahir,3,1
Chris Gayle,JP Duminy,3,1
Chris Gayle,Jasprit Bumrah,10,1
Chris Gayle,Javon Searles,3,1
Chris Gayle,Jofra Archer,7,1
Chris Gayle,Krishnappa Gowtham,6,1
Chris Gayle,Kuldeep Yadav,3,1
Chris Gayle,Lungi Ngidi,2,1
Chris Gayle,Mayank Markande,6,1
Chris Gayle,Mitchell McClenaghan,14,1
Chris Gayle,Mohammad Nabi,7,1
Chris Gayle,Nitish Rana,1,1
Chris Gayle,Piyush Chawla,7,1
Chris Gayle,Prasidh Krishna,4,1
Chris Gayle,Rashid Khan,18,1
Chris Gayle,Sam Curran,1,1
Chris Gayle,Sandeep Sharma,6,1
Chris Gayle,Shakib Al Hasan,6,1
Chris Gayle,Shane Watson,3,1
Chris Gayle,Shardul Thakur,4,1
Chris Gayle,Shivam Mavi,13,1
Chris Gayle,Siddarth Kaul,12,1
Chris Gayle,Sunil Narine,9,1
Chris Gayle,Tim Southee,5,1
Chris Gayle,Umesh Yadav,9,1
Chris Lynn,Andrew Tye,8,2
Chris Lynn,Ankit Rajpoot,5,2
Chris Lynn,Anureet Singh,2,2
Chris Lynn,Barinder Sran,12,2
Chris Lynn,Ben Stokes,11,1
Chris Lynn,Bhuvneshwar Kumar,18,1
Chris Lynn,Billy Stanlake,8,1
Chris Lynn,Carlos Brathwaite,10,1
Chris Lynn,Chris Morris,5,1
Chris Lynn,Chris Woakes,5,1
Chris Lynn,Deepak Chahar,3,1
Chris Lynn,Glenn Maxwell,1,1
Chris Lynn,Harbhajan Singh,3,1
Chris Lynn,Imran Tahir,2,1
Chris Lynn,Ish Sodhi,12,1
Chris Lynn,Jasprit Bumrah,5,1
Chris Lynn,Jaydev Unadkat,10,1
Chris Lynn,Jofra Archer,10,1
Chris Lynn,Khaleel Ahmed,2,1
Chris Lynn,Krishnappa Gowtham,17,1
Chris Lynn,Krunal Pandya,5,1
Chris Lynn,Lungi Ngidi,6,1
Chris Lynn,Mitchell McClenaghan,18,1
Chris Lynn,Mohammed Shami,4,1
Chris Lynn,Mohammed Siraj,11,1
Chris Lynn,Mohit Sharma,8,1
Chris Lynn,Mujeeb Ur Rahman,13,1
Chris Lynn,Murugan Ashwin,10,1
Chris Lynn,Rahul Tewatia,3,1
Chris Lynn,Rashid Khan,19,1
Chris Lynn,Ravichandran Ashwin,9,1
Chris Lynn,Ravindra Jadeja,6,1
Chris Lynn,Sandeep Sharma,3,1
Chris Lynn,Shahbaz Nadeem,8,1
Chris Lynn,Shakib Al Hasan,23,1
Chris Lynn,Shane Watson,2,1
Chris Lynn,Shreyas Gopal,5,1
Chris Lynn,Siddarth Kaul,26,1
Chris Lynn,Tim Southee,8,1
Chris Lynn,Trent Boult,14,1
Chris Lynn,Umesh Yadav,8,1
Chris Lynn,Yuvraj Singh,3,1
Chris Lynn,Yuzvendra Chahal,21,1
Chris Morris,Andrew Tye,2,0
Chris Morris,Ben Laughlin,5,0
Chris Morris,Jaydev Unadkat,2,0
Chris Morris,Kuldeep Yadav,1,0
Chris Morris,Mohit Sharma,8,0
Chris Morris,Mujeeb Ur Rahman,4,0
Chris Morris,Ravichandran Ashwin,2,0
Chris Morris,Sunil Narine,2,1
Chris Woakes,Andrew Tye,2,0
Chris Woakes,Ben Stokes,1,0
Chris Woakes,Hardik Pandya,4,0
Chris Woakes,Jasprit Bumrah,2,1
Chris Woakes,Mayank Markande,1,1
Chris Woakes,Mitchell Johnson,4,1
Chris Woakes,Mitchell McClenaghan,1,1
Chris Woakes,Mustafizur Rahman,3,1
Chris Woakes,R Vinay Kumar,1,1
Colin Munro,Dhawal Kulkarni,1,1
Colin Munro,KM Asif,5,1
Colin Munro,Kuldeep Yadav,4,1
Colin Munro,Lungi Ngidi,7,1
Colin Munro,Mitchell Johnson,1,1
Colin Munro,Mohit Sharma,2,1
Colin Munro,Mujeeb Ur Rahman,1,1
Colin Munro,Piyush Chawla,3,1
Colin Munro,Ravichandran Ashwin,3,1
Colin Munro,Shane Watson,4,1
Colin Munro,Shivam Mavi,5,1
Colin Munro,Sunil Narine,5,1
Colin de Grandhomme,Basil Thampi,9,0
Colin de Grandhomme,Bhuvneshwar Kumar,8,1
Colin de Grandhomme,David Willey,1,1
Colin de Grandhomme,Dwayne Bravo,2,1
Colin de Grandhomme,Harbhajan Singh,5,1
Colin de Grandhomme,Hardik Pandya,1,1
Colin de Grandhomme,Harshal Patel,2,1
Colin de Grandhomme,Imran Tahir,3,1
Colin de Grandhomme,Ish Sodhi,2,1
Colin de Grandhomme,Jasprit Bumrah,4,1
Colin de Grandhomme,Mitchell Johnson,2,1
Colin de Grandhomme,Mitchell McClenaghan,4,1
Colin de Grandhomme,Rashid Khan,6,1
Colin de Grandhomme,Ravindra Jadeja,3,1
Colin de Grandhomme,Sandeep Sharma,5,1
Colin de Grandhomme,Shakib Al Hasan,6,1
Colin de Grandhomme,Shardul Thakur,1,1
Colin de Grandhomme,Shivam Mavi,5,1
Colin de Grandhomme,Shreyas Gopal,1,1
Colin de Grandhomme,Siddarth Kaul,13,1
Colin de Grandhomme,Trent Boult,3,1
Corey Anderson,Chris Morris,2,0
Corey Anderson,Dwayne Bravo,5,0
Corey Anderson,Harshal Patel,1,0
Corey Anderson,Imran Tahir,3,1
Corey Anderson,Krunal Pandya,1,1
Corey Anderson,Rahul Tewatia,6,1
Corey Anderson,Trent Boult,4,1
D'Arcy Short,Amit Mishra,6,0
D'Arcy Short,Avesh Khan,2,0
D'Arcy Short,Bhuvneshwar Kumar,5,1
D'Arcy Short,Chris Woakes,5,1
D'Arcy Short,Glenn Maxwell,4,1
D'Arcy Short,Jasprit Bumrah,6,1
D'Arcy Short,Kuldeep Yadav,7,1
D'Arcy Short,Liam Plunkett,5,1
D'Arcy Short,Nitish Rana,6,1
D'Arcy Short,Piyush Chawla,10,1
D'Arcy Short,Ravichandran Ashwin,2,1
D'Arcy Short,Sam Curran,4,1
D'Arcy Short,Shahbaz Nadeem,4,1
D'Arcy Short,Shivam Mavi,11,1
D'Arcy Short,Sunil Narine,5,1
D'Arcy Short,Trent Boult,7,1
D'Arcy Short,Umesh Yadav,2,1
D'Arcy Short,Washington Sundar,6,1
D'Arcy Short,Yuzvendra Chahal,5,1
Dan Christian,Andrew Tye,5,0
Dan Christian,Bhuvneshwar Kumar,1,0
Dan Christian,Mohit Sharma,4,1
Dan Christian,Mujeeb Ur Rahman,9,1
Dan Christian,Rashid Khan,1,1
Dan Christian,Ravichandran Ashwin,6,1
Dan Christian,Shakib Al Hasan,5,1
Dan Christian,Siddarth Kaul,2,1
David Miller,Amit Mishra,16,0
David Miller,Avesh Khan,2,0
David Miller,Chris Morris,2,0
David Miller,Dan Christian,3,1
David Miller,Deepak Chahar,10,1
David Miller,Dwayne Bravo,4,1
David Miller,Harbhajan Singh,1,1
David Miller,Liam Plunkett,3,1
David Miller,Lungi Ngidi,2,1
David Miller,Rahul Tewatia,15,1
David Miller,Ravindra Jadeja,2,1
David Miller,Shardul Thakur,4,1
David Miller,Trent Boult,2,1
Deepak Chahar,Andrew Tye,3,0
Deepak Chahar,Axar Patel,7,0
Deepak Chahar,Mayank Markande,1,1
Deepak Chahar,Ravichandran Ashwin,11,1
Deepak Chahar,Sandeep Sharma,4,1
Deepak Chahar,Shakib Al Hasan,2,1
Deepak Chahar,Trent Boult,2,1
Deepak Hooda,Andre Russell,3,0
Deepak Hooda,Andrew Tye,4,1
Deepak Hooda,Ben Cutting,10,1
Deepak Hooda,Deepak Chahar,6,1
Deepak Hooda,Dwayne Bravo,8,1
Deepak Hooda,Jasprit Bumrah,6,1
Deepak Hooda,Kuldeep Yadav,8,1
Deepak Hooda,Lungi Ngidi,3,1
Deepak Hooda,Mayank Markande,4,1
Deepak Hooda,Mitchell Johnson,1,1
Deepak Hooda,Mohammed Siraj,1,1
Deepak Hooda,Mujeeb Ur Rahman,1,1
Deepak Hooda,Mustafizur Rahman,6,1
Deepak Hooda,Piyush Chawla,3,1
Deepak Hooda,Shardul Thakur,9,1
Deepak Hooda,Sunil Narine,13,1
Dhawal Kulkarni,Bhuvneshwar Kumar,2,0
Dhawal Kulkarni,Rashid Khan,1,0
Dhawal Kulkarni,Sam Curran,2,0
Dhawal Kulkarni,Shivam Mavi,1,0
Dhawal Kulkarni,Siddarth Kaul,1,0
Dhruv Shorey,Colin de Grandhomme,5,1
Dhruv Shorey,Mohammed Siraj,2,1
Dhruv Shorey,Umesh Yadav,2,1
Dinesh Karthik,Amit Mishra,5,1
Dinesh Karthik,Andrew Tye,11,1
Dinesh Karthik,Ankit Rajpoot,3,1
Dinesh Karthik,Anureet Singh,4,1
Dinesh Karthik,Avesh Khan,3,1
Dinesh Karthik,Axar Patel,7,1
Dinesh Karthik,Barinder Sran,6,2
Dinesh Karthik,Ben Laughlin,10,1
Dinesh Karthik,Ben Stokes,7,1
Dinesh Karthik,Bhuvneshwar Kumar,15,1
Dinesh Karthik,Billy Stanlake,2,1
Dinesh Karthik,Carlos Brathwaite,6,1
Dinesh Karthik,Chris Morris,3,1
Dinesh Karthik,Chris Woakes,3,1
Dinesh Karthik,Dwayne Bravo,10,1
Dinesh Karthik,Harbhajan Singh,2,1
Dinesh Karthik,Hardik Pandya,7,1
Dinesh Karthik,Imran Tahir,10,1
Dinesh Karthik,Ish Sodhi,21,1
Dinesh Karthik,Jasprit Bumrah,10,1
Dinesh Karthik,Jaydev Unadkat,22,1
Dinesh Karthik,Jofra Archer,8,1
Dinesh Karthik,KM Asif,1,1
Dinesh Karthik,Karn Sharma,3,1
Dinesh Karthik,Krishnappa Gowtham,4,1
Dinesh Karthik,Krunal Pandya,4,1
Dinesh Karthik,Kulwant Khejroliya,12,1
Dinesh Karthik,Liam Plunkett,7,1
Dinesh Karthik,Lungi Ngidi,4,1
Dinesh Karthik,Mayank Markande,5,1
Dinesh Karthik,Mitchell McClenaghan,3,1
Dinesh Karthik,Mohammed Shami,6,1
Dinesh Karthik,Mohammed Siraj,7,1
Dinesh Karthik,Mohit Sharma,4,1
Dinesh Karthik,Mujeeb Ur Rahman,10,1
Dinesh Karthik,Rashid Khan,16,1
Dinesh Karthik,Ravichandran Ashwin,10,1
Dinesh Karthik,Ravindra Jadeja,3,1
Dinesh Karthik,Shakib Al Hasan,6,1
Dinesh Karthik,Shane Watson,8,1
Dinesh Karthik,Shardul Thakur,5,1
Dinesh Karthik,Shreyas Gopal,16,1
Dinesh Karthik,Siddarth Kaul,12,1
Dinesh Karthik,Tim Southee,3,1
Dinesh Karthik,Umesh Yadav,3,1
Dinesh Karthik,Vijay Shankar,5,1
Dinesh Karthik,Washington Sundar,5,1
Dinesh Karthik,Yuvraj Singh,3,1
Dinesh Karthik,Yuzvendra Chahal,9,1
Dwayne Bravo,Ben Laughlin,9,0
Dwayne Bravo,Ben Stokes,4,0
Dwayne Bravo,Carlos Brathwaite,2,0
Dwayne Bravo,Colin de Grandhomme,11,0
Dwayne Bravo,Corey Anderson,4,0
Dwayne Bravo,Hardik Pandya,3,0
Dwayne Bravo,Harshal Patel,1,0
Dwayne Bravo,Jasprit Bumrah,11,1
Dwayne Bravo,Jaydev Unadkat,4,1
Dwayne Bravo,Mayank Markande,4,1
Dwayne Bravo,Mitchell McClenaghan,10,1
Dwayne Bravo,Mohammed Siraj,3,1
Dwayne Bravo,Mohit Sharma,1,1
Dwayne Bravo,Murugan Ashwin,5,1
Dwayne Bravo,Mustafizur Rahman,3,1
Dwayne Bravo,R Vinay Kumar,3,1
Dwayne Bravo,Rashid Khan,5,1
Dwayne Bravo,Sam Curran,1,1
Dwayne Bravo,Shakib Al Hasan,4,1
Dwayne Bravo,Shreyas Gopal,2,1
Dwayne Bravo,Trent Boult,1,1
Dwayne Bravo,Yuzvendra Chahal,1,1
Evin Lewis,Amit Mishra,7,1
Evin Lewis,Andre Russell,2,1
Evin Lewis,Andrew Tye,2,1
Evin Lewis,Ankit Rajpoot,6,1
Evin Lewis,Ben Stokes,7,1
Evin Lewis,Billy Stanlake,7,1
Evin Lewis,Chris Woakes,9,1
Evin Lewis,Corey Anderson,3,1
Evin Lewis,Dan Christian,6,1
Evin Lewis,Deepak Chahar,3,1
Evin Lewis,Dhawal Kulkarni,11,2
Evin Lewis,Dwayne Bravo,7,1
Evin Lewis,Glenn Maxwell,16,1
Evin Lewis,Harbhajan Singh,13,1
Evin Lewis,Harshal Patel,5,1
Evin Lewis,Imran Tahir,10,1
Evin Lewis,Jaydev Unadkat,6,1
Evin Lewis,Jofra Archer,8,1
Evin Lewis,Krishnappa Gowtham,7,1
Evin Lewis,Kuldeep Yadav,5,1
Evin Lewis,Liam Plunkett,7,1
Evin Lewis,Mohammad Nabi,1,1
Evin Lewis,Mohammed Siraj,10,1
Evin Lewis,Mohit Sharma,4,1
Evin Lewis,Mujeeb Ur Rahman,2,1
Evin Lewis,Nitish Rana,9,1
Evin Lewis,Piyush Chawla,7,1
Evin Lewis,Prasidh Krishna,9,1
Evin Lewis,Rahul Tewatia,8,1
Evin Lewis,Rashid Khan,1,1
Evin Lewis,Ravichandran Ashwin,7,1
Evin Lewis,Sam Curran,4,1
Evin Lewis,Sandeep Lamichhane,1,1
Evin Lewis,Sandeep Sharma,14,1
Evin Lewis,Shahbaz Nadeem,8,1
Evin Lewis,Shane Watson,3,1
Evin Lewis,Shardul Thakur,11,1
Evin Lewis,Shreyas Gopal,7,1
Evin Lewis,Siddarth Kaul,4,1
Evin Lewis,Sunil Narine,6,1
Evin Lewis,Trent Boult,5,1
Evin Lewis,Umesh Yadav,6,1
Evin Lewis,Washington Sundar,6,1
Evin Lewis,Yuzvendra Chahal,10,1
Faf du Plessis,Amit Mishra,6,0
Faf du Plessis,Ankit Rajpoot,13,1
Faf du Plessis,Avesh Khan,8,1
Faf du Plessis,Bhuvneshwar Kumar,12,1
Faf du Plessis,Billy Stanlake,1,1
Faf du Plessis,Carlos Brathwaite,11,1
Faf du Plessis,Liam Plunkett,4,1
Faf du Plessis,Mitchell Johnson,5,1
Faf du Plessis,Mohit Sharma,2,1
Faf du Plessis,Piyush Chawla,7,1
Faf du Plessis,Rahul Tewatia,6,1
Faf du Plessis,Rashid Khan,10,1
Faf du Plessis,Sandeep Sharma,12,1
Faf du Plessis,Shakib Al Hasan,11,1
Faf du Plessis,Shivam Mavi,2,1
Faf du Plessis,Siddarth Kaul,10,1
Faf du Plessis,Sunil Narine,1,1
Faf du Plessis,Trent Boult,5,1
Faf du Plessis,Vijay Shankar,4,1
Gautam Gambhir,Akila Dananjaya,1,0
Gautam Gambhir,Andre Russell,3,0
Gautam Gambhir,Andrew Tye,14,1
Gautam Gambhir,Ankit Rajpoot,10,1
Gautam Gambhir,Axar Patel,9,1
Gautam Gambhir,Barinder Sran,1,1
Gautam Gambhir,Chris Woakes,4,1
Gautam Gambhir,Hardik Pandya,5,1
Gautam Gambhir,Jasprit Bumrah,6,1
Gautam Gambhir,Marcus Stoinis,2,1
Gautam Gambhir,Mohit Sharma,6,1
Gautam Gambhir,Mujeeb Ur Rahman,8,1
Gautam Gambhir,Mustafizur Rahman,4,1
Gautam Gambhir,Piyush Chawla,2,1
Gautam Gambhir,Ravichandran Ashwin,8,1
Gautam Gambhir,Shivam Mavi,2,1
Gautam Gambhir,Umesh Yadav,6,1
Glenn Maxwell,Andre Russell,3,0
Glenn Maxwell,Andrew Tye,5,0
Glenn Maxwell,Ankit Rajpoot,5,1
Glenn Maxwell,Ben Laughlin,1,1
Glenn Maxwell,Bhuvneshwar Kumar,2,1
Glenn Maxwell,Dhawal Kulkarni,3,1
Glenn Maxwell,Dwayne Bravo,3,1
Glenn Maxwell,Harbhajan Singh,1,1
Glenn Maxwell,Hardik Pandya,3,1
Glenn Maxwell,Jasprit Bumrah,7,1
Glenn Maxwell,Jaydev Unadkat,8,1
Glenn Maxwell,Jofra Archer,3,1
Glenn Maxwell,Krishnappa Gowtham,2,1
Glenn Maxwell,Krunal Pandya,6,1
Glenn Maxwell,Kuldeep Yadav,9,1
Glenn Maxwell,Lungi Ngidi,1,1
Glenn Maxwell,Mayank Markande,4,1
Glenn Maxwell,Mitchell Johnson,5,1
Glenn Maxwell,Mohammed Siraj,3,1
Glenn Maxwell,Mustafizur Rahman,5,1
Glenn Maxwell,Piyush Chawla,6,1
Glenn Maxwell,Rashid Khan,3,1
Glenn Maxwell,Ravindra Jadeja,8,2
Glenn Maxwell,Sam Curran,6,2
Glenn Maxwell,Sandeep Sharma,2,2
Glenn Maxwell,Shakib Al Hasan,1,2
Glenn Maxwell,Shivam Mavi,6,2
Glenn Maxwell,Siddarth Kaul,3,2
Glenn Maxwell,Sunil Narine,5,2
Glenn Maxwell,Washington Sundar,1,2
Glenn Maxwell,Yuzvendra Chahal,2,1
Harbhajan Singh,Andrew Tye,3,0
Harbhajan Singh,Ankit Rajpoot,9,0
Harbhajan Singh,Axar Patel,7,0
Harbhajan Singh,Carlos Brathwaite,1,0
Harbhajan Singh,Mitchell McClenaghan,3,1
Harbhajan Singh,Mohit Sharma,3,1
Harbhajan Singh,Mustafizur Rahman,3,1
Harbhajan Singh,Rashid Khan,4,1
Harbhajan Singh,Ravichandran Ashwin,1,1
Harbhajan Singh,Siddarth Kaul,4,1
Hardik Pandya,Amit Mishra,6,1
Hardik Pandya,Andre Russell,1,1
Hardik Pandya,Andrew Tye,12,2
Hardik Pandya,Basil Thampi,3,2
Hardik Pandya,Ben Stokes,6,1
Hardik Pandya,Chris Woakes,4,1
Hardik Pandya,Colin de Grandhomme,11,1
Hardik Pandya,Corey Anderson,1,1
Hardik Pandya,Dhawal Kulkarni,1,1
Hardik Pandya,Dwayne Bravo,11,1
Hardik Pandya,Harshal Patel,3,1
Hardik Pandya,Imran Tahir,5,1
Hardik Pandya,Jaydev Unadkat,9,1
Hardik Pandya,Jofra Archer,9,1
Hardik Pandya,Marcus Stoinis,2,1
Hardik Pandya,Mark Wood,7,1
Hardik Pandya,Mitchell Johnson,6,1
Hardik Pandya,Mohammed Shami,1,1
Hardik Pandya,Mohammed Siraj,10,1
Hardik Pandya,Mujeeb Ur Rahman,6,1
Hardik Pandya,Piyush Chawla,3,1
Hardik Pandya,Prasidh Krishna,8,1
Hardik Pandya,Rashid Khan,10,1
Hardik Pandya,Ravichandran Ashwin,6,1
Hardik Pandya,Sam Curran,11,1
Hardik Pandya,Sandeep Lamichhane,6,1
Hardik Pandya,Shane Watson,4,1
Hardik Pandya,Shardul Thakur,1,1
Hardik Pandya,Siddarth Kaul,6,1
Hardik Pandya,Sunil Narine,7,1
Hardik Pandya,Tim Southee,3,1
Hardik Pandya,Trent Boult,5,1
Hardik Pandya,Umesh Yadav,3,1
Hardik Pandya,Washington Sundar,5,1
Hardik Pandya,Yuzvendra Chahal,13,1
Harshal Patel,Dwayne Bravo,7,0
Harshal Patel,Lungi Ngidi,4,0
Harshal Patel,Rashid Khan,8,0
Harshal Patel,Sandeep Sharma,4,0
Harshal Patel,Shakib Al Hasan,2,0
Harshal Patel,Shardul Thakur,5,0
Harshal Patel,Siddarth Kaul,3,0
Heinrich Klaasen,Andre Russell,4,0
Heinrich Klaasen,Deepak Chahar,2,0
Heinrich Klaasen,Kuldeep Yadav,4,0
Heinrich Klaasen,Moeen Ali,1,0
Heinrich Klaasen,Mohammed Siraj,11,1
Heinrich Klaasen,Mustafizur Rahman,1,1
Heinrich Klaasen,Piyush Chawla,3,1
Heinrich Klaasen,Prasidh Krishna,4,1
Heinrich Klaasen,Shardul Thakur,5,1
Heinrich Klaasen,Sunil Narine,3,1
Heinrich Klaasen,Tim Southee,3,1
Heinrich Klaasen,Umesh Yadav,4,1
Heinrich Klaasen,Yuzvendra Chahal,3,1
Imran Tahir,Hardik Pandya,1,0
Imran Tahir,Mitchell McClenaghan,1,0
Ish Sodhi,Kuldeep Yadav,1,0
Ish Sodhi,Prasidh Krishna,3,1
Ish Sodhi,Sunil Narine,2,1
Ishan Kishan,Amit Mishra,1,1
Ishan Kishan,Andre Russell,4,1
Ishan Kishan,Andrew Tye,7,1
Ishan Kishan,Ankit Rajpoot,2,1
Ishan Kishan,Axar Patel,3,1
Ishan Kishan,Ben Stokes,10,1
Ishan Kishan,Dan Christian,7,1
Ishan Kishan,Deepak Chahar,2,1
Ishan Kishan,Dhawal Kulkarni,14,1
Ishan Kishan,Dwayne Bravo,1,1
Ishan Kishan,Glenn Maxwell,7,1
Ishan Kishan,Harbhajan Singh,5,1
Ishan Kishan,Harshal Patel,1,1
Ishan Kishan,Imran Tahir,6,1
Ishan Kishan,Jaydev Unadkat,9,1
Ishan Kishan,Jofra Archer,6,1
Ishan Kishan,Krishnappa Gowtham,7,1
Ishan Kishan,Kuldeep Yadav,7,1
Ishan Kishan,Liam Plunkett,5,1
Ishan Kishan,Marcus Stoinis,3,1
Ishan Kishan,Mark Wood,5,1
Ishan Kishan,Mohammad Nabi,2,1
Ishan Kishan,Mohammed Shami,5,1
Ishan Kishan,Mohit Sharma,5,1
Ishan Kishan,Mujeeb Ur Rahman,6,1
Ishan Kishan,Piyush Chawla,6,1
Ishan Kishan,Prasidh Krishna,2,1
Ishan Kishan,Rahul Tewatia,5,1
Ishan Kishan,Rashid Khan,5,1
Ishan Kishan,Ravichandran Ashwin,6,1
Ishan Kishan,Ravindra Jadeja,5,1
Ishan Kishan,Sandeep Lamichhane,1,1
Ishan Kishan,Sandeep Sharma,3,1
Ishan Kishan,Shane Watson,5,1
Ishan Kishan,Shreyas Gopal,7,1
Ishan Kishan,Siddarth Kaul,2,1
Ishan Kishan,Sunil Narine,3,1
Ishan Kishan,Tim Southee,1,1
Ishan Kishan,Trent Boult,5,1
Ishan Kishan,Umesh Yadav,1,1
JP Duminy,Colin de Grandhomme,3,1
JP Duminy,Mitchell Johnson,5,1
JP Duminy,Mohammed Siraj,8,1
JP Duminy,Prasidh Krishna,2,1
JP Duminy,Sunil Narine,5,1
JP Duminy,Tim Southee,7,1
JP Duminy,Umesh Yadav,6,1
JP Duminy,Washington Sundar,1,1
JP Duminy,Yuzvendra Chahal,9,1
Jason Roy,Akila Dananjaya,13,0
Jason Roy,Bhuvneshwar Kumar,6,0
Jason Roy,Chris Woakes,2,0
Jason Roy,Hardik Pandya,7,0
Jason Roy,Jasprit Bumrah,9,0
Jason Roy,Krunal Pandya,7,0
Jason Roy,Mayank Markande,5,0
Jason Roy,Mustafizur Rahman,13,0
Jason Roy,Piyush Chawla,4,0
Jason Roy,Sandeep Sharma,4,0
Jason Roy,Shakib Al Hasan,3,1
Jason Roy,Umesh Yadav,14,1
Jason Roy,Yuzvendra Chahal,11,2
Jasprit Bumrah,Basil Thampi,2,0
Jasprit Bumrah,Harshal Patel,1,1
Jasprit Bumrah,Sandeep Sharma,1,1
Jasprit Bumrah,Siddarth Kaul,7,1
Javon Searles,Barinder Sran,1,0
Javon Searles,Ben Laughlin,2,1
Javon Searles,Jofra Archer,3,1
Jaydev Unadkat,Andre Russell,3,0
Jaydev Unadkat,Andrew Tye,6,1
Jaydev Unadkat,Ankit Rajpoot,2,1
Jaydev Unadkat,Karn Sharma,5,1
Jaydev Unadkat,Kuldeep Yadav,2,1
Jaydev Unadkat,Prasidh Krishna,3,1
Jaydev Unadkat,Ravindra Jadeja,2,1
Jaydev Unadkat,Shardul Thakur,3,1
Jaydev Unadkat,Shivam Mavi,6,1
Jaydev Unadkat,Siddarth Kaul,2,1
Jaydev Unadkat,Sunil Narine,4,1
Jofra Archer,Andre Russell,2,1
Jofra Archer,Andrew Tye,1,1
Jofra Archer,Basil Thampi,1,1
Jofra Archer,Hardik Pandya,1,1
Jofra Archer,Jasprit Bumrah,6,1
Jofra Archer,Mujeeb Ur Rahman,1,1
Jofra Archer,Mustafizur Rahman,2,1
Jofra Archer,Prasidh Krishna,3,1
Jofra Archer,Umesh Yadav,4,1
Jos Buttler,Amit Mishra,5,1
Jos Buttler,Andre Russell,3,1
Jos Buttler,Andrew Tye,13,1
Jos Buttler,Ankit Rajpoot,5,1
Jos Buttler,Avesh Khan,10,1
Jos Buttler,Axar Patel,22,1
Jos Buttler,Bhuvneshwar Kumar,2,1
Jos Buttler,Chris Morris,4,1
Jos Buttler,Chris Woakes,4,1
Jos Buttler,David Willey,14,1
Jos Buttler,Deepak Chahar,6,1
Jos Buttler,Dwayne Bravo,13,1
Jos Buttler,Harbhajan Singh,8,1
Jos Buttler,Hardik Pandya,15,1
Jos Buttler,Imran Tahir,7,1
Jos Buttler,Jasprit Bumrah,8,1
Jos Buttler,Karn Sharma,4,1
Jos Buttler,Krunal Pandya,16,1
Jos Buttler,Kuldeep Yadav,6,1
Jos Buttler,Kulwant Khejroliya,1,1
Jos Buttler,Liam Plunkett,4,1
Jos Buttler,Marcus Stoinis,11,1
Jos Buttler,Mayank Markande,11,1
Jos Buttler,Mitchell McClenaghan,12,1
Jos Buttler,Mohammed Shami,7,1
Jos Buttler,Mohit Sharma,7,1
Jos Buttler,Mujeeb Ur Rahman,21,2
Jos Buttler,Pawan Negi,2,2
Jos Buttler,Piyush Chawla,2,2
Jos Buttler,Prasidh Krishna,4,2
Jos Buttler,Rahul Tewatia,7,2
Jos Buttler,Rashid Khan,6,2
Jos Buttler,Ravichandran Ashwin,19,2
Jos Buttler,Ravindra Jadeja,12,2
Jos Buttler,Sam Curran,3,2
Jos Buttler,Shahbaz Nadeem,5,2
Jos Buttler,Shakib Al Hasan,6,2
Jos Buttler,Shane Watson,9,2
Jos Buttler,Shardul Thakur,7,2
Jos Buttler,Shivam Mavi,17,1
Jos Buttler,Siddarth Kaul,2,1
Jos Buttler,Sunil Narine,9,1
Jos Buttler,Trent Boult,4,1
Jos Buttler,Umesh Yadav,2,1
Jos Buttler,Yusuf Pathan,4,1
Jos Buttler,Yuzvendra Chahal,6,1
KL Rahul,Amit Mishra,6,0
KL Rahul,Andre Russell,10,0
KL Rahul,Anureet Singh,7,0
KL Rahul,Avesh Khan,8,0
KL Rahul,Basil Thampi,2,0
KL Rahul,Ben Cutting,5,0
KL Rahul,Ben Stokes,17,0
KL Rahul,Bhuvneshwar Kumar,10,0
KL Rahul,Chris Anderson,3,0
KL Rahul,Chris Woakes,9,0
KL Rahul,Deepak Chahar,17,0
KL Rahul,Deepak Hooda,1,0
KL Rahul,Harbhajan Singh,8,1
KL Rahul,Hardik Pandya,15,1
KL Rahul,Imran Tahir,3,1
KL Rahul,Ish Sodhi,13,1
KL Rahul,Jasprit Bumrah,16,1
KL Rahul,Javon Searles,8,1
KL Rahul,Jaydev Unadkat,27,1
KL Rahul,Jofra Archer,26,1
KL Rahul,Krishnappa Gowtham,23,1
KL Rahul,Krunal Pandya,13,1
KL Rahul,Kuldeep Yadav,3,1
KL Rahul,Kulwant Khejroliya,4,1
KL Rahul,Liam Plunkett,2,1
KL Rahul,Lungi Ngidi,4,1
KL Rahul,Mahipal Lomror,6,1
KL Rahul,Mayank Markande,15,1
KL Rahul,Mitchell McClenaghan,20,1
KL Rahul,Mohammad Nabi,5,1
KL Rahul,Mohammed Shami,3,1
KL Rahul,Piyush Chawla,5,1
KL Rahul,Prasidh Krishna,8,1
KL Rahul,Rashid Khan,6,2
KL Rahul,Sandeep Sharma,12,2
KL Rahul,Shardul Thakur,2,2
KL Rahul,Shivam Mavi,6,2
KL Rahul,Shreyas Gopal,7,2
KL Rahul,Siddarth Kaul,8,2
KL Rahul,Sunil Narine,19,2
KL Rahul,Tim Southee,7,2
KL Rahul,Trent Boult,12,1
KL Rahul,Umesh Yadav,12,1
KL Rahul,Washington Sundar,3,1
KL Rahul,Yuzvendra Chahal,10,1
Kane Williamson,Amit Mishra,17,0
Kane Williamson,Andre Russell,1,0
Kane Williamson,Andrew Tye,7,1
Kane Williamson,Ankit Rajpoot,3,1
Kane Williamson,Avesh Khan,4,1
Kane Williamson,Barinder Sran,7,1
Kane Williamson,Ben Laughlin,6,1
Kane Williamson,Ben Stokes,6,1
Kane Williamson,Colin de Grandhomme,7,1
Kane Williamson,D'Arcy Short,3,1
Kane Williamson,Dan Christian,6,1
Kane Williamson,David Willey,2,1
Kane Williamson,Deepak Chahar,37,1
Kane Williamson,Dhawal Kulkarni,4,1
Kane Williamson,Dwayne Bravo,14,1
Kane Williamson,Glenn Maxwell,3,1
Kane Williamson,Harbhajan Singh,5,1
Kane Williamson,Hardik Pandya,9,1
Kane Williamson,Harshal Patel,8,1
Kane Williamson,Ish Sodhi,8,1
Kane Williamson,Jasprit Bumrah,6,1
Kane Williamson,Javon Searles,4,1
Kane Williamson,Jaydev Unadkat,19,1
Kane Williamson,Jofra Archer,9,1
Kane Williamson,Karn Sharma,11,1
Kane Williamson,Krishnappa Gowtham,10,1
Kane Williamson,Kuldeep Yadav,25,1
Kane Williamson,Liam Plunkett,24,1
Kane Williamson,Lungi Ngidi,11,1
Kane Williamson,Mahipal Lomror,2,1
Kane Williamson,Mayank Markande,1,1
Kane Williamson,Mitchell Johnson,1,1
Kane Williamson,Mitchell McClenaghan,3,1
Kane Williamson,Moeen Ali,12,1
Kane Williamson,Mohammed Siraj,10,1
Kane Williamson,Mohit Sharma,4,1
Kane Williamson,Mujeeb Ur Rahman,11,1
Kane Williamson,Mustafizur Rahman,7,1
Kane Williamson,Piyush Chawla,14,1
Kane Williamson,Ravichandran Ashwin,12,1
Kane Williamson,Ravindra Jadeja,24,1
Kane Williamson,Shahbaz Nadeem,7,1
Kane Williamson,Shane Watson,13,1
Kane Williamson,Shardul Thakur,27,2
Kane Williamson,Shivam Mavi,4,2
Kane Williamson,Shreyas Gopal,11,2
Kane Williamson,Sunil Narine,15,2
Kane Williamson,Tim Southee,13,2
Kane Williamson,Trent Boult,13,2
Kane Williamson,Umesh Yadav,19,1
Kane Williamson,Vijay Shankar,1,1
Kane Williamson,Yuzvendra Chahal,22,1
Karun Nair,Amit Mishra,20,0
Karun Nair,Andre Russell,3,1
Karun Nair,Anureet Singh,5,1
Karun Nair,Avesh Khan,5,1
Karun Nair,Basil Thampi,1,1
Karun Nair,Ben Cutting,4,1
Karun Nair,Ben Stokes,6,1
Karun Nair,Bhuvneshwar Kumar,4,1
Karun Nair,Chris Anderson,9,1
Karun Nair,Chris Morris,3,1
Karun Nair,Chris Woakes,4,1
Karun Nair,Dan Christian,12,1
Karun Nair,Dwayne Bravo,17,2
Karun Nair,Glenn Maxwell,4,2
Karun Nair,Imran Tahir,6,2
Karun Nair,Javon Searles,3,2
Karun Nair,Jaydev Unadkat,5,2
Karun Nair,Jofra Archer,3,1
Karun Nair,Krishnappa Gowtham,2,1
Karun Nair,Krunal Pandya,2,1
Karun Nair,Kulwant Khejroliya,7,1
Karun Nair,Liam Plunkett,6,1
Karun Nair,Lungi Ngidi,1,1
Karun Nair,Mayank Markande,3,1
Karun Nair,Mitchell McClenaghan,3,1
Karun Nair,Mohammed Shami,5,1
Karun Nair,Mohammed Siraj,2,1
Karun Nair,Rahul Tewatia,8,1
Karun Nair,Rashid Khan,7,1
Karun Nair,Ravindra Jadeja,10,1
Karun Nair,Shakib Al Hasan,10,1
Karun Nair,Shardul Thakur,10,1
Karun Nair,Shreyas Gopal,7,1
Karun Nair,Siddarth Kaul,8,1
Karun Nair,Trent Boult,3,1
Karun Nair,Umesh Yadav,4,1
Karun Nair,Washington Sundar,5,1
Karun Nair,Yuzvendra Chahal,8,1
Kedar Jadhav,Hardik Pandya,4,0
Kedar Jadhav,Jasprit Bumrah,5,0
Kedar Jadhav,Mayank Markande,7,0
Kedar Jadhav,Mustafizur Rahman,7,0
Kieron Pollard,Amit Mishra,4,0
Kieron Pollard,Ankit Rajpoot,5,0
Kieron Pollard,Axar Patel,9,0
Kieron Pollard,Ben Stokes,7,0
Kieron Pollard,Billy Stanlake,8,1
Kieron Pollard,Chris Woakes,2,1
Kieron Pollard,Corey Anderson,1,1
Kieron Pollard,Dan Christian,1,1
Kieron Pollard,Dhawal Kulkarni,2,1
Kieron Pollard,Jaydev Unadkat,5,1
Kieron Pollard,Jofra Archer,6,1
Kieron Pollard,Liam Plunkett,2,1
Kieron Pollard,Marcus Stoinis,9,1
Kieron Pollard,Mohammed Siraj,7,1
Kieron Pollard,Rashid Khan,10,1
Kieron Pollard,Ravichandran Ashwin,1,1
Kieron Pollard,Sandeep Lamichhane,1,1
Kieron Pollard,Shakib Al Hasan,9,1
Kieron Pollard,Siddarth Kaul,2,1
Kieron Pollard,Umesh Yadav,10,1
Kieron Pollard,Yuzvendra Chahal,3,1
Krishnappa Gowtham,Andre Russell,2,0
Krishnappa Gowtham,Andrew Tye,2,0
Krishnappa Gowtham,Ankit Rajpoot,2,1
Krishnappa Gowtham,Basil Thampi,4,1
Krishnappa Gowtham,David Willey,5,1
Krishnappa Gowtham,Hardik Pandya,3,1
Krishnappa Gowtham,Jasprit Bumrah,4,1
Krishnappa Gowtham,Kuldeep Yadav,3,1
Krishnappa Gowtham,Liam Plunkett,2,1
Krishnappa Gowtham,Marcus Stoinis,2,1
Krishnappa Gowtham,Mohammed Shami,2,1
Krishnappa Gowtham,Mohit Sharma,2,1
Krishnappa Gowtham,Mujeeb Ur Rahman,2,1
Krishnappa Gowtham,Mustafizur Rahman,4,1
Krishnappa Gowtham,Piyush Chawla,3,1
Krishnappa Gowtham,Prasidh Krishna,5,1
Krishnappa Gowtham,Sam Curran,1,1
Krishnappa Gowtham,Shane Watson,2,1
Krishnappa Gowtham,Shivam Mavi,2,1
Krishnappa Gowtham,Siddarth Kaul,3,1
Krishnappa Gowtham,Sunil Narine,3,1
Krishnappa Gowtham,Tim Southee,5,1
Krishnappa Gowtham,Trent Boult,4,1
Krunal Pandya,Andre Russell,4,0
Krunal Pandya,Andrew Tye,9,0
Krunal Pandya,Ankit Rajpoot,6,0
Krunal Pandya,Axar Patel,7,0
Krunal Pandya,Ben Stokes,2,0
Krunal Pandya,Colin de Grandhomme,5,0
Krunal Pandya,Dan Christian,1,0
Krunal Pandya,Dwayne Bravo,10,0
Krunal Pandya,Imran Tahir,2,0
Krunal Pandya,Jaydev Unadkat,7,1
Krunal Pandya,Jofra Archer,5,1
Krunal Pandya,Marcus Stoinis,12,1
Krunal Pandya,Mark Wood,11,1
Krunal Pandya,Mohammad Nabi,1,1
Krunal Pandya,Mohammed Shami,6,1
Krunal Pandya,Mohammed Siraj,12,1
Krunal Pandya,Mujeeb Ur Rahman,1,1
Krunal Pandya,Piyush Chawla,1,1
Krunal Pandya,Prasidh Krishna,4,1
Krunal Pandya,Rashid Khan,5,1
Krunal Pandya,Ravichandran Ashwin,2,1
Krunal Pandya,Sandeep Lamichhane,3,1
Krunal Pandya,Sandeep Sharma,4,1
Krunal Pandya,Shakib Al Hasan,12,1
Krunal Pandya,Siddarth Kaul,9,1
Krunal Pandya,Sunil Narine,4,1
Krunal Pandya,Tim Southee,4,1
Krunal Pandya,Trent Boult,4,1
Krunal Pandya,Umesh Yadav,5,1
Krunal Pandya,Yuzvendra Chahal,6,1
Kuldeep Yadav,Carlos Brathwaite,3,0
Kuldeep Yadav,Glenn Maxwell,3,0
Kuldeep Yadav,Krunal Pandya,5,1
Kuldeep Yadav,Mayank Markande,5,1
Kuldeep Yadav,Mitchell McClenaghan,5,1
Kuldeep Yadav,Trent Boult,4,1
Liam Plunkett,Barinder Sran,1,1
Liam Plunkett,Jaydev Unadkat,2,1
MS Dhoni,Amit Mishra,13,0
MS Dhoni,Andrew Tye,13,0
MS Dhoni,Avesh Khan,7,0
MS Dhoni,Barinder Sran,1,0
MS Dhoni,Ben Stokes,3,0
MS Dhoni,Bhuvneshwar Kumar,8,0
MS Dhoni,Billy Stanlake,3,0
MS Dhoni,Carlos Brathwaite,5,0
MS Dhoni,Colin de Grandhomme,5,0
MS Dhoni,Corey Anderson,10,0
MS Dhoni,Glenn Maxwell,2,0
MS Dhoni,Hardik Pandya,4,0
MS Dhoni,Harshal Patel,3,0
MS Dhoni,Ish Sodhi,5,0
MS Dhoni,Jasprit Bumrah,9,0
MS Dhoni,Jaydev Unadkat,8,0
MS Dhoni,Jofra Archer,9,0
MS Dhoni,Krunal Pandya,5,0
MS Dhoni,Kuldeep Yadav,16,0
MS Dhoni,Liam Plunkett,2,0
MS Dhoni,Mayank Markande,9,1
MS Dhoni,Mitchell Johnson,7,1
MS Dhoni,Mitchell McClenaghan,1,1
MS Dhoni,Mohammed Siraj,13,1
MS Dhoni,Mohit Sharma,14,1
MS Dhoni,Mujeeb Ur Rahman,8,1
MS Dhoni,Murugan Ashwin,14,1
MS Dhoni,Pawan Negi,8,1
MS Dhoni,Piyush Chawla,9,1
MS Dhoni,Rashid Khan,11,1
MS Dhoni,Ravichandran Ashwin,14,1
MS Dhoni,Sam Curran,2,1
MS Dhoni,Sandeep Lamichhane,6,1
MS Dhoni,Sandeep Sharma,3,1
MS Dhoni,Shakib Al Hasan,2,1
MS Dhoni,Shivam Mavi,5,1
MS Dhoni,Shreyas Gopal,1,1
MS Dhoni,Siddarth Kaul,14,1
MS Dhoni,Stuart Binny,2,1
MS Dhoni,Sunil Narine,16,1
MS Dhoni,Trent Boult,12,1
MS Dhoni,Yuvraj Singh,4,1
MS Dhoni,Yuzvendra Chahal,15,1
Mahipal Lomror,Andrew Tye,3,0
Mahipal Lomror,Mohit Sharma,6,0
Mahipal Lomror,Rashid Khan,4,0
Mahipal Lomror,Sandeep Sharma,4,0
Mahipal Lomror,Siddarth Kaul,4,1
Manan Vohra,Andre Russell,2,1
Manan Vohra,Bhuvneshwar Kumar,1,1
Manan Vohra,Glenn Maxwell,5,1
Manan Vohra,JP Duminy,11,1
Manan Vohra,Jasprit Bumrah,3,1
Manan Vohra,Krunal Pandya,8,1
Manan Vohra,Mayank Markande,6,1
Manan Vohra,Mitchell McClenaghan,3,1
Manan Vohra,Rashid Khan,2,1
Manan Vohra,Sandeep Sharma,6,1
Manan Vohra,Siddarth Kaul,2,1
Manan Vohra,Trent Boult,1,1
Mandeep Singh,Amit Mishra,7,0
Mandeep Singh,Andre Russell,9,1
Mandeep Singh,Andrew Tye,8,1
Mandeep Singh,Axar Patel,3,1
Mandeep Singh,Ben Laughlin,10,1
Mandeep Singh,Ben Stokes,1,1
Mandeep Singh,Bhuvneshwar Kumar,4,1
Mandeep Singh,Chris Morris,6,1
Mandeep Singh,Dwayne Bravo,4,1
Mandeep Singh,Harbhajan Singh,6,1
Mandeep Singh,Hardik Pandya,5,1
Mandeep Singh,Imran Tahir,3,1
Mandeep Singh,Ish Sodhi,2,1
Mandeep Singh,Jasprit Bumrah,4,1
Mandeep Singh,Jaydev Unadkat,6,1
Mandeep Singh,Junior Dala,6,1
Mandeep Singh,Krishnappa Gowtham,4,1
Mandeep Singh,Krunal Pandya,7,1
Mandeep Singh,Kuldeep Yadav,5,1
Mandeep Singh,Mayank Markande,5,1
Mandeep Singh,Mitchell Johnson,5,1
Mandeep Singh,Mitchell McClenaghan,2,1
Mandeep Singh,Mohit Sharma,4,1
Mandeep Singh,Mujeeb Ur Rahman,3,1
Mandeep Singh,Mustafizur Rahman,3,1
Mandeep Singh,Nitish Rana,2,1
Mandeep Singh,R Vinay Kumar,5,1
Mandeep Singh,Rashid Khan,5,1
Mandeep Singh,Ravichandran Ashwin,2,1
Mandeep Singh,Ravindra Jadeja,12,1
Mandeep Singh,Sandeep Sharma,7,1
Mandeep Singh,Shakib Al Hasan,6,1
Mandeep Singh,Shardul Thakur,7,1
Mandeep Singh,Shreyas Gopal,6,1
Mandeep Singh,Siddarth Kaul,7,1
Mandeep Singh,Sunil Narine,7,1
Mandeep Singh,Trent Boult,5,1
Manish Pandey,Amit Mishra,2,0
Manish Pandey,Andre Russell,7,0
Manish Pandey,Andrew Tye,23,0
Manish Pandey,Ankit Rajpoot,9,1
Manish Pandey,Avesh Khan,2,1
Manish Pandey,Barinder Sran,10,1
Manish Pandey,Ben Stokes,4,1
Manish Pandey,Colin de Grandhomme,6,1
Manish Pandey,Dan Christian,3,1
Manish Pandey,Deepak Chahar,5,1
Manish Pandey,Dwayne Bravo,4,1
Manish Pandey,Hardik Pandya,2,1
Manish Pandey,Ish Sodhi,3,1
Manish Pandey,Jasprit Bumrah,3,1
Manish Pandey,Javon Searles,1,1
Manish Pandey,Jaydev Unadkat,2,1
Manish Pandey,Jofra Archer,2,1
Manish Pandey,Krishnappa Gowtham,4,1
Manish Pandey,Krunal Pandya,4,1
Manish Pandey,Kuldeep Yadav,7,1
Manish Pandey,Liam Plunkett,8,1
Manish Pandey,Lungi Ngidi,1,1
Manish Pandey,Manoj Tiwary,2,1
Manish Pandey,Mayank Markande,4,1
Manish Pandey,Mitchell McClenaghan,6,1
Manish Pandey,Moeen Ali,4,1
Manish Pandey,Mohammed Siraj,11,1
Manish Pandey,Mohit Sharma,9,1
Manish Pandey,Mujeeb Ur Rahman,24,1
Manish Pandey,Piyush Chawla,2,1
Manish Pandey,Prasidh Krishna,7,1
Manish Pandey,Ravichandran Ashwin,22,1
Manish Pandey,Ravindra Jadeja,8,1
Manish Pandey,Shardul Thakur,6,1
Manish Pandey,Sunil Narine,10,1
Manish Pandey,Tim Southee,13,1
Manish Pandey,Trent Boult,3,1
Manish Pandey,Umesh Yadav,3,1
Manish Pandey,Yuzvendra Chahal,11,1
Manoj Tiwary,Ben Stokes,3,1
Manoj Tiwary,Deepak Chahar,5,1
Manoj Tiwary,Dwayne Bravo,3,1
Manoj Tiwary,Harbhajan Singh,5,1
Manoj Tiwary,Ish Sodhi,3,1
Manoj Tiwary,Lungi Ngidi,8,1
Manoj Tiwary,Mahipal Lomror,2,1
Manoj Tiwary,Mitchell McClenaghan,1,1
Manoj Tiwary,Rashid Khan,2,1
Manoj Tiwary,Ravindra Jadeja,1,1
Manoj Tiwary,Sandeep Sharma,2,1
Manoj Tiwary,Shakib Al Hasan,1,1
Manoj Tiwary,Shardul Thakur,9,1
Marcus Stoinis,Anureet Singh,2,0
Marcus Stoinis,Ben Cutting,2,0
Marcus Stoinis,Ben Stokes,2,0
Marcus Stoinis,Chris Morris,4,0
Marcus Stoinis,Dan Christian,2,0
Marcus Stoinis,Hardik Pandya,6,0
Marcus Stoinis,Ish Sodhi,2,0
Marcus Stoinis,Jasprit Bumrah,10,1
Marcus Stoinis,Jaydev Unadkat,13,1
Marcus Stoinis,Jofra Archer,9,1
Marcus Stoinis,Krishnappa Gowtham,1,1
Marcus Stoinis,Kulwant Khejroliya,2,1
Marcus Stoinis,Mohammed Siraj,1,1
Marcus Stoinis,Rahul Tewatia,5,1
Marcus Stoinis,Shreyas Gopal,4,1
Marcus Stoinis,Trent Boult,4,1
Marcus Stoinis,Washington Sundar,7,1
Marcus Stoinis,Yuzvendra Chahal,2,1
Mark Wood,Hardik Pandya,4,1
Mark Wood,Jasprit Bumrah,1,1
Mayank Agarwal,Andre Russell,1,1
Mayank Agarwal,Avesh Khan,6,1
Mayank Agarwal,Basil Thampi,4,1
Mayank Agarwal,Ben Cutting,4,1
Mayank Agarwal,Ben Stokes,2,1
Mayank Agarwal,Chris Morris,2,1
Mayank Agarwal,Colin de Grandhomme,4,1
Mayank Agarwal,Dan Christian,2,1
Mayank Agarwal,Deepak Hooda,3,1
Mayank Agarwal,Dwayne Bravo,6,1
Mayank Agarwal,Harbhajan Singh,4,1
Mayank Agarwal,Hardik Pandya,1,1
Mayank Agarwal,Imran Tahir,2,1
Mayank Agarwal,Jasprit Bumrah,2,1
Mayank Agarwal,Jofra Archer,1,1
Mayank Agarwal,Kulwant Khejroliya,5,1
Mayank Agarwal,Liam Plunkett,4,1
Mayank Agarwal,Mohammed Shami,3,1
Mayank Agarwal,Mohammed Siraj,1,1
Mayank Agarwal,Rashid Khan,5,1
Mayank Agarwal,Shakib Al Hasan,7,1
Mayank Agarwal,Shane Watson,7,1
Mayank Agarwal,Shivam Mavi,1,1
Mayank Agarwal,Siddarth Kaul,5,1
Mayank Agarwal,Sunil Narine,1,1
Mayank Agarwal,Trent Boult,4,1
Mayank Agarwal,Umesh Yadav,6,1
Mayank Agarwal,Yuzvendra Chahal,1,1
Mayank Markande,Amit Mishra,1,0
Mayank Markande,Andrew Tye,1,0
Mayank Markande,Jofra Archer,1,0
Mayank Markande,Liam Plunkett,1,0
Mayank Markande,Mohit Sharma,4,0
Mayank Markande,Sandeep Lamichhane,5,0
Mayank Markande,Siddarth Kaul,5,1
Mayank Markande,Trent Boult,7,1
Mitchell Johnson,Avesh Khan,1,0
Mitchell Johnson,Bhuvneshwar Kumar,3,0
Mitchell Johnson,Glenn Maxwell,2,0
Mitchell Johnson,Siddarth Kaul,2,0
Mitchell Johnson,Trent Boult,3,0
Mitchell McClenaghan,Andrew Tye,3,0
Mitchell McClenaghan,Basil Thampi,1,0
Mitchell McClenaghan,Corey Anderson,1,0
Mitchell McClenaghan,Jofra Archer,1,1
Mitchell McClenaghan,Mohit Sharma,4,1
Mitchell McClenaghan,Ravichandran Ashwin,1,1
Mitchell McClenaghan,Siddarth Kaul,1,1
Moeen Ali,Basil Thampi,7,0
Moeen Ali,Rashid Khan,13,1
Moeen Ali,Sandeep Lamichhane,2,1
Moeen Ali,Sandeep Sharma,9,1
Moeen Ali,Shakib Al Hasan,3,1
Moeen Ali,Shreyas Gopal,2,1
Moeen Ali,Siddarth Kaul,9,1
Moeen Ali,Trent Boult,1,1
Mohammad Nabi,Ankit Rajpoot,2,1
Mohammad Nabi,Hardik Pandya,3,1
Mohammad Nabi,Krunal Pandya,3,1
Mohammad Nabi,Mayank Markande,4,1
Mohammed Shami,Kuldeep Yadav,3,0
Mohammed Shami,Sunil Narine,3,1
Mohammed Siraj,Ben Laughlin,4,0
Mohammed Siraj,Dwayne Bravo,3,1
Mohammed Siraj,Jaydev Unadkat,4,1
Mohammed Siraj,Jofra Archer,5,1
Mohammed Siraj,Lungi Ngidi,3,1
Mohammed Siraj,Mustafizur Rahman,3,1
Mohammed Siraj,Shardul Thakur,1,1
Mohit Sharma,Chris Woakes,2,0
Mohit Sharma,Lungi Ngidi,2,0
Mohit Sharma,Moeen Ali,4,1
Mohit Sharma,Prasidh Krishna,3,1
Mohit Sharma,Shardul Thakur,1,1
Mohit Sharma,Umesh Yadav,1,1
Mohit Sharma,Yuzvendra Chahal,1,1
Mujeeb Ur Rahman,Basil Thampi,1,0
Mujeeb Ur Rahman,Chris Woakes,1,1
Mujeeb Ur Rahman,Rashid Khan,2,1
Mujeeb Ur Rahman,Siddarth Kaul,2,1
Mujeeb Ur Rahman,Yuzvendra Chahal,1,1
Murali Vijay,Andrew Tye,1,1
Murali Vijay,Barinder Sran,8,1
Murali Vijay,Mohit Sharma,2,1
Murugan Ashwin,Harbhajan Singh,1,1
Murugan Ashwin,Ravindra Jadeja,1,1
Mustafizur Rahman,Basil Thampi,3,1
Naman Ojha,Rashid Khan,1,1
Naman Ojha,Siddarth Kaul,3,1
Nitish Rana,Avesh Khan,4,1
Nitish Rana,Ben Cutting,3,1
Nitish Rana,Ben Laughlin,10,1
Nitish Rana,Ben Stokes,10,1
Nitish Rana,Bhuvneshwar Kumar,4,1
Nitish Rana,Billy Stanlake,7,1
Nitish Rana,Carlos Brathwaite,3,1
Nitish Rana,Chris Morris,11,1
Nitish Rana,Harbhajan Singh,5,1
Nitish Rana,Hardik Pandya,17,2
Nitish Rana,Ish Sodhi,5,1
Nitish Rana,Jasprit Bumrah,7,1
Nitish Rana,Jaydev Unadkat,5,1
Nitish Rana,Jofra Archer,10,1
Nitish Rana,Khaleel Ahmed,6,1
Nitish Rana,Krishnappa Gowtham,8,1
Nitish Rana,Krunal Pandya,4,1
Nitish Rana,Kulwant Khejroliya,8,1
Nitish Rana,Liam Plunkett,2,1
Nitish Rana,Mayank Markande,12,1
Nitish Rana,Mitchell McClenaghan,3,1
Nitish Rana,Mohammed Shami,6,1
Nitish Rana,Mohammed Siraj,1,1
Nitish Rana,Mohit Sharma,5,1
Nitish Rana,Mujeeb Ur Rahman,3,1
Nitish Rana,Murugan Ashwin,4,1
Nitish Rana,Rahul Tewatia,6,1
Nitish Rana,Rashid Khan,9,1
Nitish Rana,Ravichandran Ashwin,2,1
Nitish Rana,Ravindra Jadeja,2,1
Nitish Rana,Shahbaz Nadeem,6,1
Nitish Rana,Shakib Al Hasan,4,1
Nitish Rana,Shane Watson,1,1
Nitish Rana,Shardul Thakur,6,1
Nitish Rana,Shreyas Gopal,3,1
Nitish Rana,Siddarth Kaul,4,1
Nitish Rana,Tim Southee,4,1
Nitish Rana,Trent Boult,4,1
Nitish Rana,Umesh Yadav,10,1
Nitish Rana,Vijay Shankar,4,1
Nitish Rana,Washington Sundar,5,1
Nitish Rana,Yuzvendra Chahal,5,1
Parthiv Patel,Andrew Tye,11,0
Parthiv Patel,Ankit Rajpoot,1,0
Parthiv Patel,Ben Laughlin,3,0
Parthiv Patel,Bhuvneshwar Kumar,6,0
Parthiv Patel,David Willey,6,0
Parthiv Patel,Harbhajan Singh,8,0
Parthiv Patel,Ish Sodhi,2,0
Parthiv Patel,Jaydev Unadkat,4,0
Parthiv Patel,Jofra Archer,5,0
Parthiv Patel,Krishnappa Gowtham,3,0
Parthiv Patel,Lungi Ngidi,15,0
Parthiv Patel,Marcus Stoinis,3,0
Parthiv Patel,Mohit Sharma,4,0
Parthiv Patel,Ravichandran Ashwin,3,0
Parthiv Patel,Ravindra Jadeja,10,1
Parthiv Patel,Sandeep Lamichhane,6,1
Parthiv Patel,Sandeep Sharma,6,1
Parthiv Patel,Shakib Al Hasan,5,1
Parthiv Patel,Shardul Thakur,2,1
Parthiv Patel,Shreyas Gopal,4,1
Parthiv Patel,Trent Boult,2,1
Pawan Negi,Ben Laughlin,1,1
Pawan Negi,Dwayne Bravo,1,1
Pawan Negi,Krishnappa Gowtham,2,1
Pawan Negi,Shreyas Gopal,1,1
Piyush Chawla,Andrew Tye,3,0
Piyush Chawla,Avesh Khan,1,0
Piyush Chawla,Ben Cutting,6,1
Piyush Chawla,Bhuvneshwar Kumar,3,1
Piyush Chawla,Glenn Maxwell,1,1
Piyush Chawla,Jasprit Bumrah,7,1
Piyush Chawla,Khaleel Ahmed,4,1
Piyush Chawla,Liam Plunkett,2,1
Piyush Chawla,Rahul Tewatia,3,1
Piyush Chawla,Rashid Khan,2,1
Piyush Chawla,Siddarth Kaul,4,1
Pradeep Sangwan,Rashid Khan,4,0
Pradeep Sangwan,Sandeep Sharma,1,1
Prashant Chopra,Dwayne Bravo,3,0
Prashant Chopra,Shardul Thakur,3,1
Prasidh Krishna,Mayank Markande,5,0
Prithvi Shaw,Andre Russell,7,0
Prithvi Shaw,Ankit Rajpoot,5,1
Prithvi Shaw,Barinder Sran,5,1
Prithvi Shaw,Ben Stokes,5,1
Prithvi Shaw,Bhuvneshwar Kumar,12,1
Prithvi Shaw,Deepak Chahar,13,1
Prithvi Shaw,Dhawal Kulkarni,9,1
Prithvi Shaw,Hardik Pandya,3,1
Prithvi Shaw,Jasprit Bumrah,3,1
Prithvi Shaw,Jaydev Unadkat,3,1
Prithvi Shaw,Jofra Archer,3,1
Prithvi Shaw,KM Asif,5,1
Prithvi Shaw,Krishnappa Gowtham,3,1
Prithvi Shaw,Krunal Pandya,2,1
Prithvi Shaw,Kuldeep Yadav,3,1
Prithvi Shaw,Lungi Ngidi,3,1
Prithvi Shaw,Mitchell Johnson,11,1
Prithvi Shaw,Piyush Chawla,11,1
Prithvi Shaw,Rashid Khan,5,1
Prithvi Shaw,Ravindra Jadeja,4,1
Prithvi Shaw,Sandeep Sharma,13,1
Prithvi Shaw,Shakib Al Hasan,13,1
Prithvi Shaw,Shivam Mavi,7,1
Prithvi Shaw,Shreyas Gopal,3,1
Prithvi Shaw,Siddarth Kaul,5,1
Prithvi Shaw,Sunil Narine,5,1
Prithvi Shaw,Yuzvendra Chahal,4,1
Quinton de Kock,Andrew Tye,1,0
Quinton de Kock,Axar Patel,8,0
Quinton de Kock,Ben Stokes,1,0
Quinton de Kock,D'Arcy Short,3,1
Quinton de Kock,Deepak Chahar,5,1
Quinton de Kock,Dhawal Kulkarni,1,1
Quinton de Kock,Dwayne Bravo,6,1
Quinton de Kock,Glenn Maxwell,7,1
Quinton de Kock,Harbhajan Singh,5,1
Quinton de Kock,Imran Tahir,5,1
Quinton de Kock,JP Duminy,1,1
Quinton de Kock,Jasprit Bumrah,6,1
Quinton de Kock,Jaydev Unadkat,4,1
Quinton de Kock,Krishnappa Gowtham,7,1
Quinton de Kock,Krunal Pandya,2,1
Quinton de Kock,Kuldeep Yadav,4,1
Quinton de Kock,Mitchell Johnson,3,1
Quinton de Kock,Mitchell McClenaghan,14,2
Quinton de Kock,Mohit Sharma,2,2
Quinton de Kock,Mujeeb Ur Rahman,9,2
Quinton de Kock,Mustafizur Rahman,4,2
Quinton de Kock,Piyush Chawla,10,1
Quinton de Kock,Ravichandran Ashwin,14,1
Quinton de Kock,Ravindra Jadeja,4,1
Quinton de Kock,Shahbaz Nadeem,1,1
Quinton de Kock,Shane Watson,9,1
Quinton de Kock,Shardul Thakur,3,1
Quinton de Kock,Shivam Mavi,3,1
Quinton de Kock,Shreyas Gopal,3,1
Quinton de Kock,Sunil Narine,11,1
Quinton de Kock,Trent Boult,8,1
R Vinay Kumar,Kulwant Khejroliya,4,0
Rahul Tewatia,Andrew Tye,11,1
Rahul Tewatia,Barinder Sran,10,1
Rahul Tewatia,Chris Woakes,5,1
Rahul Tewatia,Corey Anderson,3,1
Rahul Tewatia,Dwayne Bravo,1,1
Rahul Tewatia,Kuldeep Yadav,1,1
Rahul Tewatia,Lungi Ngidi,4,1
Rahul Tewatia,Mohammed Siraj,1,1
Rahul Tewatia,Mujeeb Ur Rahman,5,1
Rahul Tewatia,Ravichandran Ashwin,5,1
Rahul Tewatia,Sam Curran,1,1
Rahul Tripathi,Andre Russell,5,1
Rahul Tripathi,Andrew Tye,1,1
Rahul Tripathi,Ankit Rajpoot,2,1
Rahul Tripathi,Axar Patel,2,1
Rahul Tripathi,Billy Stanlake,4,1
Rahul Tripathi,Chris Morris,2,1
Rahul Tripathi,Chris Woakes,1,1
Rahul Tripathi,Colin de Grandhomme,10,1
Rahul Tripathi,Dwayne Bravo,6,1
Rahul Tripathi,Glenn Maxwell,2,1
Rahul Tripathi,Imran Tahir,1,1
Rahul Tripathi,Jasprit Bumrah,3,1
Rahul Tripathi,Krunal Pandya,1,1
Rahul Tripathi,Kuldeep Yadav,4,1
Rahul Tripathi,Liam Plunkett,4,1
Rahul Tripathi,Mitchell McClenaghan,5,1
Rahul Tripathi,Moeen Ali,9,1
Rahul Tripathi,Mohammed Shami,3,1
Rahul Tripathi,Mohammed Siraj,8,1
Rahul Tripathi,Mujeeb Ur Rahman,3,1
Rahul Tripathi,Nitish Rana,2,1
Rahul Tripathi,Piyush Chawla,4,1
Rahul Tripathi,Prasidh Krishna,7,1
Rahul Tripathi,Rahul Tewatia,4,1
Rahul Tripathi,Rashid Khan,4,1
Rahul Tripathi,Ravichandran Ashwin,5,1
Rahul Tripathi,Sam Curran,2,1
Rahul Tripathi,Sandeep Sharma,2,1
Rahul Tripathi,Shahbaz Nadeem,2,1
Rahul Tripathi,Shakib Al Hasan,7,1
Rahul Tripathi,Shivam Mavi,4,1
Rahul Tripathi,Siddarth Kaul,3,1
Rahul Tripathi,Sunil Narine,11,1
Rahul Tripathi,Tim Southee,10,1
Rahul Tripathi,Trent Boult,3,1
Rahul Tripathi,Umesh Yadav,9,1
Rahul Tripathi,Yuzvendra Chahal,19,1
Rashid Khan,Dwayne Bravo,3,0
Rashid Khan,Jasprit Bumrah,3,2
Rashid Khan,Jaydev Unadkat,1,2
Rashid Khan,Jofra Archer,2,1
Rashid Khan,Krunal Pandya,3,1
Rashid Khan,Mayank Markande,4,1
Rashid Khan,Mohammed Siraj,1,1
Rashid Khan,Prasidh Krishna,7,1
Rashid Khan,Shardul Thakur,1,1
Rashid Khan,Shivam Mavi,5,1
Rashid Khan,Tim Southee,2,1
Ravichandran Ashwin,Andre Russell,5,0
Ravichandran Ashwin,Chris Woakes,4,0
Ravichandran Ashwin,Dan Christian,1,0
Ravichandran Ashwin,Dwayne Bravo,2,0
Ravichandran Ashwin,Imran Tahir,4,0
Ravichandran Ashwin,Javon Searles,3,0
Ravichandran Ashwin,Krishnappa Gowtham,2,1
Ravichandran Ashwin,Kuldeep Yadav,2,1
Ravichandran Ashwin,Kulwant Khejroliya,4,1
Ravichandran Ashwin,Liam Plunkett,6,1
Ravichandran Ashwin,Lungi Ngidi,2,1
Ravichandran Ashwin,Moeen Ali,1,1
Ravichandran Ashwin,Piyush Chawla,6,1
Ravichandran Ashwin,Prasidh Krishna,4,1
Ravichandran Ashwin,Rashid Khan,1,1
Ravichandran Ashwin,Sandeep Sharma,1,1
Ravichandran Ashwin,Shakib Al Hasan,3,1
Ravichandran Ashwin,Shardul Thakur,5,1
Ravichandran Ashwin,Siddarth Kaul,1,1
Ravichandran Ashwin,Sunil Narine,4,1
Ravichandran Ashwin,Trent Boult,2,1
Ravichandran Ashwin,Umesh Yadav,3,1
Ravichandran Ashwin,Washington Sundar,6,1
Ravichandran Ashwin,Yuzvendra Chahal,4,1
Ravindra Jadeja,Amit Mishra,1,0
Ravindra Jadeja,Andre Russell,2,0
Ravindra Jadeja,Andrew Tye,3,1
Ravindra Jadeja,Barinder Sran,9,1
Ravindra Jadeja,Ben Laughlin,1,1
Ravindra Jadeja,Hardik Pandya,3,1
Ravindra Jadeja,Harshal Patel,8,1
Ravindra Jadeja,Kuldeep Yadav,3,1
Ravindra Jadeja,Mayank Markande,6,1
Ravindra Jadeja,Mohit Sharma,2,1
Ravindra Jadeja,Mustafizur Rahman,4,1
Ravindra Jadeja,Piyush Chawla,5,1
Ravindra Jadeja,R Vinay Kumar,3,1
Ravindra Jadeja,Rashid Khan,3,1
Ravindra Jadeja,Ravichandran Ashwin,1,1
Ravindra Jadeja,Sam Curran,2,1
Ravindra Jadeja,Sandeep Lamichhane,4,1
Ravindra Jadeja,Sandeep Sharma,2,1
Ravindra Jadeja,Shivam Mavi,2,1
Ravindra Jadeja,Sunil Narine,5,1
Ravindra Jadeja,Trent Boult,5,1
Ravindra Jadeja,Umesh Yadav,3,1
Ravindra Jadeja,Yuzvendra Chahal,3,1
Ricky Bhui,Deepak Chahar,5,1
Rinku Singh,Chris Woakes,5,1
Rinku Singh,Harbhajan Singh,9,1
Rinku Singh,Hardik Pandya,1,1
Rinku Singh,Jasprit Bumrah,2,1
Rinku Singh,Ravindra Jadeja,11,1
Rinku Singh,Shane Watson,1,1
Rinku Singh,Shardul Thakur,3,1
Rinku Singh,Washington Sundar,2,1
Rishabh Pant,Akila Dananjaya,7,0
Rishabh Pant,Andre Russell,9,1
Rishabh Pant,Andrew Tye,7,1
Rishabh Pant,Ben Cutting,8,1
Rishabh Pant,Ben Laughlin,3,1
Rishabh Pant,Ben Stokes,9,1
Rishabh Pant,Bhuvneshwar Kumar,16,1
Rishabh Pant,Chris Woakes,12,1
Rishabh Pant,Colin de Grandhomme,2,1
Rishabh Pant,Corey Anderson,3,1
Rishabh Pant,Deepak Chahar,1,1
Rishabh Pant,Dhawal Kulkarni,11,1
Rishabh Pant,Dwayne Bravo,14,1
Rishabh Pant,Harbhajan Singh,24,1
Rishabh Pant,Hardik Pandya,11,1
Rishabh Pant,Jasprit Bumrah,9,1
Rishabh Pant,Jaydev Unadkat,11,2
Rishabh Pant,Jofra Archer,2,2
Rishabh Pant,KM Asif,5,2
Rishabh Pant,Krishnappa Gowtham,8,2
Rishabh Pant,Krunal Pandya,8,2
Rishabh Pant,Kuldeep Yadav,1,1
Rishabh Pant,Lungi Ngidi,6,2
Rishabh Pant,Mayank Markande,17,2
Rishabh Pant,Moeen Ali,12,1
Rishabh Pant,Mohammed Siraj,18,1
Rishabh Pant,Mohit Sharma,3,1
Rishabh Pant,Mujeeb Ur Rahman,3,2
Rishabh Pant,Mustafizur Rahman,10,2
Rishabh Pant,Piyush Chawla,5,2
Rishabh Pant,Rashid Khan,21,1
Rishabh Pant,Ravichandran Ashwin,7,1
Rishabh Pant,Ravindra Jadeja,14,1
Rishabh Pant,Sam Curran,3,1
Rishabh Pant,Sandeep Sharma,12,1
Rishabh Pant,Shakib Al Hasan,12,1
Rishabh Pant,Shane Watson,4,1
Rishabh Pant,Shardul Thakur,6,1
Rishabh Pant,Shivam Mavi,8,1
Rishabh Pant,Shreyas Gopal,4,1
Rishabh Pant,Siddarth Kaul,23,1
Rishabh Pant,Sunil Narine,5,1
Rishabh Pant,Tim Southee,8,1
Rishabh Pant,Umesh Yadav,6,1
Rishabh Pant,Washington Sundar,12,1
Rishabh Pant,Yuzvendra Chahal,12,1
Robin Uthappa,Andrew Tye,9,1
Robin Uthappa,Ankit Rajpoot,5,1
Robin Uthappa,Axar Patel,5,1
Robin Uthappa,Barinder Sran,3,1
Robin Uthappa,Ben Cutting,9,1
Robin Uthappa,Ben Laughlin,5,1
Robin Uthappa,Ben Stokes,11,1
Robin Uthappa,Bhuvneshwar Kumar,16,1
Robin Uthappa,Billy Stanlake,1,1
Robin Uthappa,Carlos Brathwaite,3,1
Robin Uthappa,Dhawal Kulkarni,1,1
Robin Uthappa,Glenn Maxwell,1,1
Robin Uthappa,Harbhajan Singh,3,1
Robin Uthappa,Hardik Pandya,8,1
Robin Uthappa,Imran Tahir,4,1
Robin Uthappa,Jasprit Bumrah,5,1
Robin Uthappa,Jaydev Unadkat,6,1
Robin Uthappa,Jofra Archer,9,1
Robin Uthappa,KM Asif,3,1
Robin Uthappa,Krishnappa Gowtham,14,2
Robin Uthappa,Krunal Pandya,15,1
Robin Uthappa,Kulwant Khejroliya,3,1
Robin Uthappa,Lungi Ngidi,2,1
Robin Uthappa,Mayank Markande,8,2
Robin Uthappa,Mitchell McClenaghan,4,2
Robin Uthappa,Mohammed Siraj,4,2
Robin Uthappa,Mujeeb Ur Rahman,6,2
Robin Uthappa,Murugan Ashwin,10,1
Robin Uthappa,Rahul Tewatia,3,1
Robin Uthappa,Rashid Khan,13,1
Robin Uthappa,Ravichandran Ashwin,14,1
Robin Uthappa,Ravindra Jadeja,4,1
Robin Uthappa,Sandeep Sharma,3,1
Robin Uthappa,Shahbaz Nadeem,10,1
Robin Uthappa,Shakib Al Hasan,9,1
Robin Uthappa,Shane Watson,10,1
Robin Uthappa,Shreyas Gopal,6,1
Robin Uthappa,Siddarth Kaul,5,1
Robin Uthappa,Trent Boult,7,1
Robin Uthappa,Umesh Yadav,8,1
Robin Uthappa,Washington Sundar,5,1
Robin Uthappa,Yuzvendra Chahal,4,1
Rohit Sharma,Amit Mishra,2,0
Rohit Sharma,Andre Russell,7,0
Rohit Sharma,Andrew Tye,6,0
Rohit Sharma,Ankit Rajpoot,2,1
Rohit Sharma,Axar Patel,3,1
Rohit Sharma,Billy Stanlake,6,1
Rohit Sharma,Chris Woakes,4,1
Rohit Sharma,Corey Anderson,20,1
Rohit Sharma,Dan Christian,3,1
Rohit Sharma,Deepak Chahar,8,1
Rohit Sharma,Dwayne Bravo,9,1
Rohit Sharma,Glenn Maxwell,2,1
Rohit Sharma,Harbhajan Singh,3,1
Rohit Sharma,Harshal Patel,4,1
Rohit Sharma,Imran Tahir,4,1
Rohit Sharma,Jaydev Unadkat,1,1
Rohit Sharma,Jofra Archer,1,1
Rohit Sharma,Kuldeep Yadav,6,1
Rohit Sharma,Marcus Stoinis,2,1
Rohit Sharma,Mohammed Shami,3,1
Rohit Sharma,Mohammed Siraj,5,1
Rohit Sharma,Mujeeb Ur Rahman,8,1
Rohit Sharma,Piyush Chawla,10,1
Rohit Sharma,Prasidh Krishna,5,1
Rohit Sharma,Rahul Tewatia,6,1
Rohit Sharma,Ravichandran Ashwin,4,1
Rohit Sharma,Sam Curran,3,1
Rohit Sharma,Sandeep Lamichhane,2,1
Rohit Sharma,Sandeep Sharma,9,1
Rohit Sharma,Shakib Al Hasan,1,1
Rohit Sharma,Shane Watson,22,1
Rohit Sharma,Shardul Thakur,8,1
Rohit Sharma,Sunil Narine,12,1
Rohit Sharma,Trent Boult,6,1
Rohit Sharma,Umesh Yadav,15,1
Rohit Sharma,Washington Sundar,7,1
Rohit Sharma,Yuzvendra Chahal,4,1
Sam Billings,Amit Mishra,1,1
Sam Billings,Andre Russell,4,1
Sam Billings,Andrew Tye,3,1
Sam Billings,Ankit Rajpoot,1,1
Sam Billings,Ben Stokes,8,1
Sam Billings,Hardik Pandya,2,1
Sam Billings,Ish Sodhi,4,1
Sam Billings,Jasprit Bumrah,2,1
Sam Billings,Jaydev Unadkat,8,1
Sam Billings,Jofra Archer,5,1
Sam Billings,Kuldeep Yadav,2,1
Sam Billings,Mitchell McClenaghan,1,1
Sam Billings,Mujeeb Ur Rahman,2,1
Sam Billings,Piyush Chawla,6,1
Sam Billings,Ravichandran Ashwin,3,1
Sam Billings,Sam Curran,7,1
Sam Billings,Sandeep Lamichhane,4,1
Sam Billings,Shreyas Gopal,4,1
Sam Billings,Sunil Narine,4,1
Sam Billings,Umesh Yadav,5,1
Sam Billings,Yuzvendra Chahal,2,1
Sam Curran,Andrew Tye,2,1
Sam Curran,Barinder Sran,1,1
Sam Curran,Ben Cutting,6,1
Sam Curran,Chris Morris,1,1
Sam Curran,Dwayne Bravo,1,1
Sam Curran,Hardik Pandya,3,1
Sam Curran,Jasprit Bumrah,3,1
Sam Curran,Krunal Pandya,2,1
Sam Curran,Mayank Markande,2,1
Sam Curran,Mitchell McClenaghan,1,1
Sam Curran,Rahul Tewatia,2,1
Sam Curran,Shane Watson,1,1
Sam Curran,Shardul Thakur,3,1
Sandeep Sharma,Mustafizur Rahman,3,1
Sandeep Sharma,Tim Southee,1,1
Sanju Samson,Amit Mishra,1,0
Sanju Samson,Andre Russell,2,0
Sanju Samson,Andrew Tye,5,1
Sanju Samson,Axar Patel,9,1
Sanju Samson,Basil Thampi,6,1
Sanju Samson,Bhuvneshwar Kumar,5,1
Sanju Samson,Billy Stanlake,15,1
Sanju Samson,Chris Morris,3,1
Sanju Samson,Chris Woakes,8,1
Sanju Samson,David Willey,4,1
Sanju Samson,Deepak Chahar,2,1
Sanju Samson,Dwayne Bravo,6,1
Sanju Samson,Hardik Pandya,12,1
Sanju Samson,Jasprit Bumrah,6,1
Sanju Samson,Javon Searles,4,1
Sanju Samson,Karn Sharma,2,1
Sanju Samson,Krunal Pandya,12,1
Sanju Samson,Kuldeep Yadav,17,1
Sanju Samson,Kulwant Khejroliya,9,1
Sanju Samson,Liam Plunkett,3,1
Sanju Samson,Marcus Stoinis,4,1
Sanju Samson,Mayank Markande,10,1
Sanju Samson,Mitchell McClenaghan,6,1
Sanju Samson,Mohammed Shami,1,1
Sanju Samson,Mujeeb Ur Rahman,8,1
Sanju Samson,Mustafizur Rahman,9,1
Sanju Samson,Nitish Rana,1,1
Sanju Samson,Pawan Negi,4,1
Sanju Samson,Piyush Chawla,10,1
Sanju Samson,Prasidh Krishna,4,1
Sanju Samson,Rahul Tewatia,6,1
Sanju Samson,Rashid Khan,7,1
Sanju Samson,Ravichandran Ashwin,15,1
Sanju Samson,Ravindra Jadeja,3,1
Sanju Samson,Sandeep Sharma,8,1
Sanju Samson,Shahbaz Nadeem,8,1
Sanju Samson,Shakib Al Hasan,19,1
Sanju Samson,Shardul Thakur,9,1
Sanju Samson,Shivam Mavi,4,1
Sanju Samson,Siddarth Kaul,13,1
Sanju Samson,Sunil Narine,14,1
Sanju Samson,Trent Boult,5,1
Sanju Samson,Umesh Yadav,11,1
Sanju Samson,Washington Sundar,6,1
Sanju Samson,Yuzvendra Chahal,9,1
Sarfaraz Khan,Andre Russell,2,0
Sarfaraz Khan,Basil Thampi,3,0
Sarfaraz Khan,Ben Laughlin,1,1
Sarfaraz Khan,Harshal Patel,7,1
Sarfaraz Khan,Ish Sodhi,2,1
Sarfaraz Khan,Jasprit Bumrah,3,1
Sarfaraz Khan,Jaydev Unadkat,3,1
Sarfaraz Khan,Krunal Pandya,2,1
Sarfaraz Khan,Mayank Markande,1,1
Sarfaraz Khan,Mitchell Johnson,5,1
Sarfaraz Khan,Nitish Rana,1,1
Sarfaraz Khan,Ravichandran Ashwin,1,1
Sarfaraz Khan,Shreyas Gopal,2,1
Sarfaraz Khan,Siddarth Kaul,5,1
Sarfaraz Khan,Sunil Narine,2,1
Sarfaraz Khan,Trent Boult,3,1
Shahbaz Nadeem,Kuldeep Yadav,4,0
Shahbaz Nadeem,Sunil Narine,4,0
Shakib Al Hasan,Andre Russell,9,0
Shakib Al Hasan,Andrew Tye,6,0
Shakib Al Hasan,Barinder Sran,12,0
Shakib Al Hasan,Ben Stokes,2,0
Shakib Al Hasan,Colin de Grandhomme,6,0
Shakib Al Hasan,Deepak Chahar,11,0
Shakib Al Hasan,Dwayne Bravo,10,2
Shakib Al Hasan,Hardik Pandya,2,2
Shakib Al Hasan,Ish Sodhi,1,2
Shakib Al Hasan,Jofra Archer,1,1
Shakib Al Hasan,Karn Sharma,6,1
Shakib Al Hasan,Krishnappa Gowtham,2,1
Shakib Al Hasan,Krunal Pandya,2,1
Shakib Al Hasan,Kuldeep Yadav,9,1
Shakib Al Hasan,Manoj Tiwary,5,1
Shakib Al Hasan,Mayank Markande,6,1
Shakib Al Hasan,Mitchell McClenaghan,2,1
Shakib Al Hasan,Moeen Ali,4,1
Shakib Al Hasan,Mohammed Siraj,10,1
Shakib Al Hasan,Mohit Sharma,3,1
Shakib Al Hasan,Mujeeb Ur Rahman,7,1
Shakib Al Hasan,Mustafizur Rahman,4,1
Shakib Al Hasan,Piyush Chawla,17,1
Shakib Al Hasan,Prasidh Krishna,7,1
Shakib Al Hasan,Ravichandran Ashwin,12,1
Shakib Al Hasan,Ravindra Jadeja,9,1
Shakib Al Hasan,Shane Watson,8,1
Shakib Al Hasan,Shardul Thakur,6,1
Shakib Al Hasan,Shivam Mavi,2,1
Shakib Al Hasan,Sunil Narine,8,1
Shakib Al Hasan,Tim Southee,1,1
Shakib Al Hasan,Umesh Yadav,5,1
Shakib Al Hasan,Yuzvendra Chahal,8,1
Shane Watson,Amit Mishra,11,2
Shane Watson,Andre Russell,5,2
Shane Watson,Ankit Sharma,2,2
Shane Watson,Avesh Khan,5,2
Shane Watson,Barinder Sran,4,2
Shane Watson,Ben Laughlin,9,1
Shane Watson,Ben Stokes,11,1
Shane Watson,Bhuvneshwar Kumar,31,2
Shane Watson,Billy Stanlake,6,2
Shane Watson,Carlos Brathwaite,8,2
Shane Watson,Glenn Maxwell,3,2
Shane Watson,Hardik Pandya,4,1
Shane Watson,Harshal Patel,4,1
Shane Watson,Ish Sodhi,5,1
Shane Watson,Jasprit Bumrah,5,1
Shane Watson,Jaydev Unadkat,22,1
Shane Watson,Jofra Archer,4,1
Shane Watson,Krishnappa Gowtham,19,1
Shane Watson,Krunal Pandya,2,1
Shane Watson,Kuldeep Yadav,4,1
Shane Watson,Liam Plunkett,8,1
Shane Watson,Mitchell Johnson,7,1
Shane Watson,Mitchell McClenaghan,10,1
Shane Watson,Mohit Sharma,6,1
Shane Watson,Mustafizur Rahman,4,1
Shane Watson,Pawan Negi,4,1
Shane Watson,Piyush Chawla,5,1
Shane Watson,R Vinay Kumar,6,1
Shane Watson,Rahul Tewatia,6,1
Shane Watson,Rashid Khan,15,1
Shane Watson,Sam Curran,4,1
Shane Watson,Sandeep Lamichhane,6,1
Shane Watson,Sandeep Sharma,31,1
Shane Watson,Shakib Al Hasan,13,1
Shane Watson,Shivam Mavi,7,1
Shane Watson,Shreyas Gopal,8,1
Shane Watson,Siddarth Kaul,12,1
Shane Watson,Stuart Binny,11,1
Shane Watson,Sunil Narine,6,1
Shane Watson,Tim Southee,5,1
Shane Watson,Trent Boult,16,1
Shane Watson,Umesh Yadav,3,1
Shane Watson,Vijay Shankar,5,1
Shane Watson,Yuzvendra Chahal,6,1
Shardul Thakur,Siddarth Kaul,5,0
Shikhar Dhawan,Amit Mishra,17,1
Shikhar Dhawan,Andre Russell,9,1
Shikhar Dhawan,Ankit Rajpoot,3,1
Shikhar Dhawan,Avesh Khan,4,1
Shikhar Dhawan,Barinder Sran,6,1
Shikhar Dhawan,Ben Cutting,3,1
Shikhar Dhawan,Ben Laughlin,8,1
Shikhar Dhawan,Ben Stokes,11,1
Shikhar Dhawan,D'Arcy Short,9,1
Shikhar Dhawan,Dan Christian,7,1
Shikhar Dhawan,David Willey,9,1
Shikhar Dhawan,Deepak Chahar,21,1
Shikhar Dhawan,Dhawal Kulkarni,18,1
Shikhar Dhawan,Dwayne Bravo,12,1
Shikhar Dhawan,Glenn Maxwell,6,1
Shikhar Dhawan,Harbhajan Singh,8,1
Shikhar Dhawan,Harshal Patel,12,1
Shikhar Dhawan,Jasprit Bumrah,11,1
Shikhar Dhawan,Javon Searles,3,1
Shikhar Dhawan,Jaydev Unadkat,4,1
Shikhar Dhawan,Karn Sharma,5,1
Shikhar Dhawan,Krishnappa Gowtham,6,1
Shikhar Dhawan,Krunal Pandya,3,1
Shikhar Dhawan,Kuldeep Yadav,12,1
Shikhar Dhawan,Liam Plunkett,10,1
Shikhar Dhawan,Lungi Ngidi,3,1
Shikhar Dhawan,Mayank Markande,7,1
Shikhar Dhawan,Mitchell McClenaghan,4,1
Shikhar Dhawan,Moeen Ali,3,1
Shikhar Dhawan,Mohammed Siraj,7,1
Shikhar Dhawan,Mustafizur Rahman,3,1
Shikhar Dhawan,Nitish Rana,6,1
Shikhar Dhawan,Piyush Chawla,11,1
Shikhar Dhawan,Pradeep Sangwan,4,1
Shikhar Dhawan,Prasidh Krishna,9,1
Shikhar Dhawan,Ravindra Jadeja,10,1
Shikhar Dhawan,Shahbaz Nadeem,5,1
Shikhar Dhawan,Shane Watson,4,1
Shikhar Dhawan,Shardul Thakur,10,1
Shikhar Dhawan,Shivam Mavi,7,1
Shikhar Dhawan,Shreyas Gopal,7,1
Shikhar Dhawan,Sunil Narine,16,1
Shikhar Dhawan,Tim Southee,9,1
Shikhar Dhawan,Trent Boult,15,1
Shikhar Dhawan,Umesh Yadav,13,1
Shikhar Dhawan,Vijay Shankar,6,1
Shikhar Dhawan,Yuzvendra Chahal,3,1
Shivam Mavi,Amit Mishra,3,1
Shivam Mavi,Bhuvneshwar Kumar,2,1
Shivam Mavi,Carlos Brathwaite,2,1
Shivam Mavi,Rashid Khan,2,1
Shivam Mavi,Siddarth Kaul,6,1
Shreevats Goswami,Andre Russell,8,0
Shreevats Goswami,Deepak Chahar,5,0
Shreevats Goswami,Javon Searles,4,0
Shreevats Goswami,Kuldeep Yadav,4,1
Shreevats Goswami,Lungi Ngidi,9,2
Shreevats Goswami,Piyush Chawla,5,2
Shreevats Goswami,Prasidh Krishna,2,2
Shreevats Goswami,Sunil Narine,5,2
Shreyas Gopal,Andrew Tye,6,0
Shreyas Gopal,Ankit Rajpoot,6,0
Shreyas Gopal,Axar Patel,4,0
Shreyas Gopal,Bhuvneshwar Kumar,10,1
Shreyas Gopal,Karn Sharma,3,1
Shreyas Gopal,Rashid Khan,8,1
Shreyas Gopal,Ravindra Jadeja,4,1
Shreyas Gopal,Sam Curran,1,1
Shreyas Gopal,Shane Watson,2,1
Shreyas Gopal,Shardul Thakur,1,1
Shreyas Gopal,Siddarth Kaul,2,1
Shreyas Iyer,Akila Dananjaya,4,0
Shreyas Iyer,Andre Russell,12,1
Shreyas Iyer,Andrew Tye,8,1
Shreyas Iyer,Ankit Rajpoot,6,1
Shreyas Iyer,Axar Patel,5,1
Shreyas Iyer,Barinder Sran,8,1
Shreyas Iyer,Ben Cutting,2,1
Shreyas Iyer,Ben Stokes,6,1
Shreyas Iyer,Bhuvneshwar Kumar,7,1
Shreyas Iyer,Chris Woakes,1,1
Shreyas Iyer,Colin de Grandhomme,4,1
Shreyas Iyer,Deepak Chahar,6,1
Shreyas Iyer,Dhawal Kulkarni,4,1
Shreyas Iyer,Dwayne Bravo,1,1
Shreyas Iyer,Harbhajan Singh,3,1
Shreyas Iyer,Jasprit Bumrah,6,1
Shreyas Iyer,Jaydev Unadkat,8,1
Shreyas Iyer,Jofra Archer,7,1
Shreyas Iyer,KM Asif,3,1
Shreyas Iyer,Krishnappa Gowtham,5,1
Shreyas Iyer,Krunal Pandya,5,1
Shreyas Iyer,Kuldeep Yadav,5,1
Shreyas Iyer,Lungi Ngidi,10,1
Shreyas Iyer,Mayank Markande,4,1
Shreyas Iyer,Mitchell Johnson,7,1
Shreyas Iyer,Moeen Ali,14,1
Shreyas Iyer,Mohammed Siraj,11,1
Shreyas Iyer,Mujeeb Ur Rahman,19,1
Shreyas Iyer,Mustafizur Rahman,9,1
Shreyas Iyer,Piyush Chawla,6,1
Shreyas Iyer,Rashid Khan,6,1
Shreyas Iyer,Ravichandran Ashwin,13,1
Shreyas Iyer,Ravindra Jadeja,9,1
Shreyas Iyer,Sandeep Sharma,14,1
Shreyas Iyer,Shakib Al Hasan,11,1
Shreyas Iyer,Shane Watson,4,1
Shreyas Iyer,Shivam Mavi,11,1
Shreyas Iyer,Shreyas Gopal,5,1
Shreyas Iyer,Siddarth Kaul,6,1
Shreyas Iyer,Sunil Narine,4,1
Shreyas Iyer,Tim Southee,5,1
Shreyas Iyer,Umesh Yadav,13,1
Shreyas Iyer,Washington Sundar,11,1
Shreyas Iyer,Yuzvendra Chahal,9,1
Shubman Gill,Amit Mishra,11,0
Shubman Gill,Andrew Tye,6,0
Shubman Gill,Ankit Rajpoot,5,0
Shubman Gill,Avesh Khan,6,0
Shubman Gill,Barinder Sran,7,0
Shubman Gill,Ben Laughlin,3,0
Shubman Gill,Bhuvneshwar Kumar,6,1
Shubman Gill,Billy Stanlake,2,1
Shubman Gill,Carlos Brathwaite,1,1
Shubman Gill,Chris Morris,2,1
Shubman Gill,Dwayne Bravo,5,1
Shubman Gill,Harbhajan Singh,7,1
Shubman Gill,Hardik Pandya,1,1
Shubman Gill,Ish Sodhi,5,1
Shubman Gill,Jasprit Bumrah,1,1
Shubman Gill,Jofra Archer,2,1
Shubman Gill,KM Asif,5,1
Shubman Gill,Karn Sharma,3,1
Shubman Gill,Khaleel Ahmed,3,1
Shubman Gill,Liam Plunkett,5,1
Shubman Gill,Lungi Ngidi,3,1
Shubman Gill,Mitchell McClenaghan,3,1
Shubman Gill,Mohammed Siraj,1,1
Shubman Gill,Rahul Tewatia,2,1
Shubman Gill,Rashid Khan,6,1
Shubman Gill,Ravindra Jadeja,8,1
Shubman Gill,Shakib Al Hasan,4,1
Shubman Gill,Shane Watson,6,1
Shubman Gill,Shreyas Gopal,7,1
Shubman Gill,Siddarth Kaul,7,1
Shubman Gill,Trent Boult,5,1
Shubman Gill,Umesh Yadav,1,1
Shubman Gill,Vijay Shankar,3,1
Siddarth Kaul,Jasprit Bumrah,1,0
Siddarth Kaul,Mayank Markande,5,0
Siddarth Kaul,Mustafizur Rahman,7,2
Siddarth Kaul,Tim Southee,1,2
Stuart Binny,Andrew Tye,4,0
Stuart Binny,David Willey,2,0
Stuart Binny,Dwayne Bravo,4,1
Stuart Binny,Imran Tahir,2,1
Stuart Binny,Kuldeep Yadav,1,1
Stuart Binny,Mujeeb Ur Rahman,3,1
Stuart Binny,Prasidh Krishna,3,1
Stuart Binny,Ravindra Jadeja,3,1
Stuart Binny,Shane Watson,5,1
Stuart Binny,Shardul Thakur,9,1
Stuart Binny,Sunil Narine,3,1
Sunil Narine,Andrew Tye,5,1
Sunil Narine,Ankit Rajpoot,2,1
Sunil Narine,Axar Patel,8,1
Sunil Narine,Barinder Sran,9,1
Sunil Narine,Ben Laughlin,3,1
Sunil Narine,Ben Stokes,4,1
Sunil Narine,Bhuvneshwar Kumar,8,1
Sunil Narine,Billy Stanlake,2,1
Sunil Narine,Chris Morris,1,1
Sunil Narine,Chris Woakes,7,1
Sunil Narine,Deepak Chahar,4,1
Sunil Narine,Dhawal Kulkarni,11,1
Sunil Narine,Glenn Maxwell,4,1
Sunil Narine,Harbhajan Singh,1,1
Sunil Narine,Hardik Pandya,2,1
Sunil Narine,KM Asif,10,1
Sunil Narine,Khaleel Ahmed,4,1
Sunil Narine,Krishnappa Gowtham,11,1
Sunil Narine,Krunal Pandya,2,1
Sunil Narine,Lungi Ngidi,4,1
Sunil Narine,Mitchell McClenaghan,2,1
Sunil Narine,Mohammed Siraj,3,1
Sunil Narine,Mohit Sharma,4,1
Sunil Narine,Mujeeb Ur Rahman,6,1
Sunil Narine,Murugan Ashwin,1,1
Sunil Narine,Ravichandran Ashwin,7,1
Sunil Narine,Ravindra Jadeja,4,1
Sunil Narine,Sandeep Sharma,8,1
Sunil Narine,Shakib Al Hasan,10,2
Sunil Narine,Shane Watson,3,2
Sunil Narine,Shreyas Gopal,5,1
Sunil Narine,Siddarth Kaul,4,1
Sunil Narine,Tim Southee,11,1
Sunil Narine,Trent Boult,8,2
Sunil Narine,Umesh Yadav,8,1
Sunil Narine,Washington Sundar,8,1
Sunil Narine,Yuzvendra Chahal,4,1
Suresh Raina,Amit Mishra,4,0
Suresh Raina,Andre Russell,7,0
Suresh Raina,Andrew Tye,23,0
Suresh Raina,Ankit Rajpoot,1,0
Suresh Raina,Axar Patel,10,0
Suresh Raina,Ben Cutting,2,0
Suresh Raina,Ben Laughlin,6,0
Suresh Raina,Ben Stokes,13,0
Suresh Raina,Bhuvneshwar Kumar,14,0
Suresh Raina,Billy Stanlake,9,0
Suresh Raina,Carlos Brathwaite,4,1
Suresh Raina,Deepak Hooda,3,1
Suresh Raina,Glenn Maxwell,9,1
Suresh Raina,Hardik Pandya,9,1
Suresh Raina,Harshal Patel,2,1
Suresh Raina,Ish Sodhi,10,1
Suresh Raina,Jasprit Bumrah,10,1
Suresh Raina,Jaydev Unadkat,10,1
Suresh Raina,Jofra Archer,11,1
Suresh Raina,Krishnappa Gowtham,12,1
Suresh Raina,Krunal Pandya,13,1
Suresh Raina,Kuldeep Yadav,15,1
Suresh Raina,Mayank Markande,8,1
Suresh Raina,Mitchell McClenaghan,12,1
Suresh Raina,Mohammed Siraj,9,1
Suresh Raina,Mohit Sharma,9,1
Suresh Raina,Piyush Chawla,5,1
Suresh Raina,Rashid Khan,15,1
Suresh Raina,Ravichandran Ashwin,10,1
Suresh Raina,Sam Curran,1,1
Suresh Raina,Sandeep Lamichhane,4,1
Suresh Raina,Sandeep Sharma,9,1
Suresh Raina,Shakib Al Hasan,13,1
Suresh Raina,Shivam Mavi,3,1
Suresh Raina,Shreyas Gopal,10,1
Suresh Raina,Siddarth Kaul,18,1
Suresh Raina,Sunil Narine,8,1
Suresh Raina,Tim Southee,3,1
Suresh Raina,Umesh Yadav,14,2
Suresh Raina,Vijay Shankar,1,2
Suresh Raina,Washington Sundar,1,2
Suresh Raina,Yuzvendra Chahal,4,2
Suryakumar Yadav,Andre Russell,9,1
Suryakumar Yadav,Andrew Tye,7,1
Suryakumar Yadav,Ankit Rajpoot,23,1
Suryakumar Yadav,Axar Patel,3,1
Suryakumar Yadav,Basil Thampi,2,1
Suryakumar Yadav,Ben Stokes,9,1
Suryakumar Yadav,Billy Stanlake,3,1
Suryakumar Yadav,Deepak Chahar,19,1
Suryakumar Yadav,Dhawal Kulkarni,22,1
Suryakumar Yadav,Dwayne Bravo,5,1
Suryakumar Yadav,Glenn Maxwell,6,1
Suryakumar Yadav,Harbhajan Singh,14,1
Suryakumar Yadav,Imran Tahir,2,1
Suryakumar Yadav,Jaydev Unadkat,11,1
Suryakumar Yadav,Jofra Archer,11,1
Suryakumar Yadav,Krishnappa Gowtham,18,1
Suryakumar Yadav,Kuldeep Yadav,12,1
Suryakumar Yadav,Marcus Stoinis,8,1
Suryakumar Yadav,Mark Wood,2,1
Suryakumar Yadav,Mitchell Johnson,9,1
Suryakumar Yadav,Mohammad Nabi,14,1
Suryakumar Yadav,Mohammed Shami,6,1
Suryakumar Yadav,Mohit Sharma,3,1
Suryakumar Yadav,Mujeeb Ur Rahman,2,1
Suryakumar Yadav,Nitish Rana,4,1
Suryakumar Yadav,Piyush Chawla,10,1
Suryakumar Yadav,Prasidh Krishna,15,1
Suryakumar Yadav,Rahul Tewatia,6,1
Suryakumar Yadav,Rashid Khan,11,1
Suryakumar Yadav,Ravichandran Ashwin,11,1
Suryakumar Yadav,Ravindra Jadeja,1,1
Suryakumar Yadav,Sam Curran,2,1
Suryakumar Yadav,Sandeep Lamichhane,4,1
Suryakumar Yadav,Sandeep Sharma,11,1
Suryakumar Yadav,Shahbaz Nadeem,6,1
Suryakumar Yadav,Shakib Al Hasan,19,1
Suryakumar Yadav,Shane Watson,16,1
Suryakumar Yadav,Shardul Thakur,5,1
Suryakumar Yadav,Shreyas Gopal,11,1
Suryakumar Yadav,Siddarth Kaul,10,1
Suryakumar Yadav,Sunil Narine,11,1
Suryakumar Yadav,Tim Southee,5,1
Suryakumar Yadav,Trent Boult,8,1
Suryakumar Yadav,Umesh Yadav,5,2
Tim Southee,David Willey,7,0
Tim Southee,Dwayne Bravo,9,0
Tim Southee,Harbhajan Singh,3,0
Tim Southee,Ish Sodhi,4,0
Tim Southee,Jasprit Bumrah,2,1
Tim Southee,Jaydev Unadkat,7,1
Tim Southee,Jofra Archer,4,1
Tim Southee,Lungi Ngidi,2,1
Tim Southee,Shardul Thakur,5,1
Tim Southee,Shreyas Gopal,2,1
Tim Southee,Siddarth Kaul,1,1
Trent Boult,Kuldeep Yadav,1,1
Trent Boult,Sunil Narine,1,1
Umesh Yadav,Ben Laughlin,1,1
Umesh Yadav,David Willey,4,1
Umesh Yadav,Dwayne Bravo,2,1
Umesh Yadav,Jasprit Bumrah,2,1
Umesh Yadav,Lungi Ngidi,1,1
Umesh Yadav,Mitchell McClenaghan,2,1
Vijay Shankar,Axar Patel,4,0
Vijay Shankar,Ben Cutting,13,0
Vijay Shankar,Ben Laughlin,3,1
Vijay Shankar,Bhuvneshwar Kumar,5,1
Vijay Shankar,Dwayne Bravo,19,1
Vijay Shankar,Harbhajan Singh,9,1
Vijay Shankar,Hardik Pandya,8,1
Vijay Shankar,Jasprit Bumrah,7,1
Vijay Shankar,Jaydev Unadkat,2,1
Vijay Shankar,Jofra Archer,5,1
Vijay Shankar,KM Asif,1,1
Vijay Shankar,Krunal Pandya,1,1
Vijay Shankar,Lungi Ngidi,11,1
Vijay Shankar,Marcus Stoinis,4,1
Vijay Shankar,Mohammed Siraj,6,1
Vijay Shankar,Mohit Sharma,1,1
Vijay Shankar,Mustafizur Rahman,3,1
Vijay Shankar,Rashid Khan,3,1
Vijay Shankar,Ravichandran Ashwin,5,1
Vijay Shankar,Ravindra Jadeja,13,1
Vijay Shankar,Sam Curran,2,1
Vijay Shankar,Shakib Al Hasan,1,1
Vijay Shankar,Shardul Thakur,10,1
Vijay Shankar,Siddarth Kaul,4,1
Vijay Shankar,Sunil Narine,2,1
Vijay Shankar,Tim Southee,5,1
Vijay Shankar,Umesh Yadav,4,1
Vijay Shankar,Yuzvendra Chahal,5,1
Virat Kohli,Amit Mishra,7,1
Virat Kohli,Andre Russell,12,1
Virat Kohli,Andrew Tye,18,1
Virat Kohli,Ankit Rajpoot,8,1
Virat Kohli,Axar Patel,3,1
Virat Kohli,Ben Laughlin,2,1
Virat Kohli,Ben Stokes,6,1
Virat Kohli,Bhuvneshwar Kumar,5,1
Virat Kohli,Chris Morris,10,1
Virat Kohli,D'Arcy Short,3,1
Virat Kohli,David Willey,4,1
Virat Kohli,Deepak Chahar,7,1
Virat Kohli,Dhawal Kulkarni,5,1
Virat Kohli,Glenn Maxwell,1,1
Virat Kohli,Harbhajan Singh,2,1
Virat Kohli,Hardik Pandya,7,1
Virat Kohli,Harshal Patel,14,1
Virat Kohli,Jasprit Bumrah,21,1
Virat Kohli,Jaydev Unadkat,2,1
Virat Kohli,Jofra Archer,1,1
Virat Kohli,Junior Dala,12,1
Virat Kohli,Krishnappa Gowtham,15,1
Virat Kohli,Krunal Pandya,17,1
Virat Kohli,Kuldeep Yadav,18,1
Virat Kohli,Lungi Ngidi,2,1
Virat Kohli,Marcus Stoinis,3,1
Virat Kohli,Mayank Markande,19,1
Virat Kohli,Mitchell Johnson,9,1
Virat Kohli,Mitchell McClenaghan,12,1
Virat Kohli,Mohit Sharma,2,1
Virat Kohli,Mujeeb Ur Rahman,5,1
Virat Kohli,Mustafizur Rahman,12,1
Virat Kohli,Nitish Rana,1,1
Virat Kohli,Piyush Chawla,10,1
Virat Kohli,Rahul Tewatia,2,1
Virat Kohli,Rashid Khan,14,1
Virat Kohli,Ravichandran Ashwin,6,1
Virat Kohli,Ravindra Jadeja,1,1
Virat Kohli,Sandeep Lamichhane,8,1
Virat Kohli,Sandeep Sharma,5,1
Virat Kohli,Shahbaz Nadeem,4,1
Virat Kohli,Shakib Al Hasan,13,1
Virat Kohli,Shardul Thakur,10,1
Virat Kohli,Shivam Mavi,8,1
Virat Kohli,Shreyas Gopal,6,1
Virat Kohli,Siddarth Kaul,4,1
Virat Kohli,Sunil Narine,19,1
Virat Kohli,Trent Boult,10,1
Washington Sundar,Andrew Tye,1,0
Washington Sundar,Ben Laughlin,8,0
Washington Sundar,Ben Stokes,11,1
Washington Sundar,Dwayne Bravo,4,1
Washington Sundar,Hardik Pandya,3,1
Washington Sundar,Jaydev Unadkat,2,1
Washington Sundar,Krunal Pandya,4,1
Washington Sundar,Mayank Markande,4,1
Washington Sundar,Mohit Sharma,3,1
Wriddhiman Saha,Andre Russell,3,0
Wriddhiman Saha,Ankit Rajpoot,5,1
Wriddhiman Saha,Barinder Sran,9,1
Wriddhiman Saha,Ben Cutting,3,1
Wriddhiman Saha,Dhawal Kulkarni,2,1
Wriddhiman Saha,Dwayne Bravo,3,1
Wriddhiman Saha,Jasprit Bumrah,4,1
Wriddhiman Saha,Jaydev Unadkat,7,1
Wriddhiman Saha,Jofra Archer,4,1
Wriddhiman Saha,Krunal Pandya,3,1
Wriddhiman Saha,Kuldeep Yadav,5,1
Wriddhiman Saha,Mayank Markande,2,1
Wriddhiman Saha,Mitchell Johnson,15,1
Wriddhiman Saha,Mitchell McClenaghan,2,1
Wriddhiman Saha,Mohammed Siraj,4,1
Wriddhiman Saha,Mohit Sharma,3,1
Wriddhiman Saha,Piyush Chawla,2,1
Wriddhiman Saha,Pradeep Sangwan,8,1
Wriddhiman Saha,Prasidh Krishna,6,1
Wriddhiman Saha,Shardul Thakur,2,1
Wriddhiman Saha,Shivam Mavi,12,1
Wriddhiman Saha,Sunil Narine,3,1
Wriddhiman Saha,Tim Southee,1,1
Yusuf Pathan,Andre Russell,3,0
Yusuf Pathan,Andrew Tye,8,0
Yusuf Pathan,Ankit Rajpoot,2,0
Yusuf Pathan,Barinder Sran,3,0
Yusuf Pathan,Ben Cutting,7,0
Yusuf Pathan,Dan Christian,4,0
Yusuf Pathan,Deepak Chahar,6,0
Yusuf Pathan,Dwayne Bravo,28,1
Yusuf Pathan,Hardik Pandya,4,1
Yusuf Pathan,Jasprit Bumrah,12,1
Yusuf Pathan,Jofra Archer,3,1
Yusuf Pathan,Karn Sharma,15,1
Yusuf Pathan,Krunal Pandya,7,1
Yusuf Pathan,Kuldeep Yadav,2,1
Yusuf Pathan,Liam Plunkett,3,1
Yusuf Pathan,Lungi Ngidi,4,1
Yusuf Pathan,Mayank Markande,4,1
Yusuf Pathan,Mitchell Johnson,5,1
Yusuf Pathan,Mitchell McClenaghan,2,1
Yusuf Pathan,Mohammed Siraj,3,1
Yusuf Pathan,Mohit Sharma,6,1
Yusuf Pathan,Mujeeb Ur Rahman,7,1
Yusuf Pathan,Mustafizur Rahman,13,1
Yusuf Pathan,Prasidh Krishna,5,1
Yusuf Pathan,Ravichandran Ashwin,6,1
Yusuf Pathan,Ravindra Jadeja,17,1
Yusuf Pathan,Shardul Thakur,17,1
Yusuf Pathan,Shivam Mavi,1,1
Yusuf Pathan,Sunil Narine,4,1
Yusuf Pathan,Tim Southee,4,1
Yusuf Pathan,Trent Boult,6,1
Yuvraj Singh,Amit Mishra,8,0
Yuvraj Singh,Avesh Khan,2,1
Yuvraj Singh,Ben Cutting,3,1
Yuvraj Singh,Chris Morris,7,1
Yuvraj Singh,Dan Christian,8,1
Yuvraj Singh,Dwayne Bravo,4,1
Yuvraj Singh,Glenn Maxwell,2,1
Yuvraj Singh,Hardik Pandya,2,1
Yuvraj Singh,Imran Tahir,5,1
Yuvraj Singh,JP Duminy,3,1
Yuvraj Singh,Jasprit Bumrah,1,1
Yuvraj Singh,Krunal Pandya,2,1
Yuvraj Singh,Liam Plunkett,1,1
Yuvraj Singh,Mayank Markande,4,1
Yuvraj Singh,Mitchell McClenaghan,3,1
Yuvraj Singh,Mohammed Shami,1,1
Yuvraj Singh,Rahul Tewatia,2,1
Yuvraj Singh,Shane Watson,2,1
Yuvraj Singh,Shardul Thakur,2,1
Yuvraj Singh,Trent Boult,8,1
Yuvraj Singh,Umesh Yadav,4,1
Yuzvendra Chahal,Jofra Archer,4,0
