batsmen,bowler,0s,1s,2s,3s,4s,5s,6s,balls,wickets
A Dananjaya,Mohammed Shami,2,0,1,0,0,0,0,3,0
A Dananjaya,TA Boult,2,2,1,0,0,0,0,5,0
A Hales,A Mishra,4,3,0,0,0,0,0,7,1
A Hales,Avesh Khan,2,1,1,0,2,0,3,9,1
A Hales,BA Stokes,2,3,2,0,1,0,3,11,1
A Hales,D Willey,2,1,2,0,1,0,3,9,1
A Hales,DL Chahar,6,1,2,0,1,0,3,13,1
A Hales,DS Kulkarni,2,2,2,0,2,0,3,11,1
A Hales,DT Christian,1,2,2,0,2,0,3,10,1
A Hales,GJ Maxwell,1,2,2,0,2,0,3,10,1
A Hales,HV Patel,2,2,2,0,2,0,3,11,1
A Hales,I Sodhi,1,4,1,0,2,0,3,11,1
A Hales,J Archer,1,3,1,0,2,0,3,10,1
A Hales,JD Unadkat,1,1,2,0,2,0,3,9,1
A Hales,K Gowtham,4,4,2,0,2,0,3,15,1
A Hales,L Plunkett,1,2,2,0,1,0,3,9,1
A Hales,M Ali,3,4,2,0,1,0,3,13,1
A Hales,M Lomror,1,2,2,0,1,0,3,9,1
A Hales,Mohammed Siraj,1,1,2,0,1,0,1,6,1
A Hales,SN Thakur,1,1,2,0,1,0,1,6,1
A Hales,TA Boult,6,2,3,0,1,0,1,13,1
A Hales,TG Southee,1,1,3,0,1,0,1,7,1
A Hales,UT Yadav,3,3,1,0,2,0,1,10,1
A Hales,YS Chahal,3,2,1,0,1,0,1,8,1
A Mishra,BB Sran,1,1,0,0,0,0,0,2,0
AB de Villiers,A Mishra,3,5,1,0,0,0,2,11,0
AB de Villiers,AD Russell,1,3,1,0,0,0,2,7,0
AB de Villiers,AJ Tye,3,4,1,0,0,0,2,10,1
AB de Villiers,AR Patel,5,3,1,0,0,0,2,11,1
AB de Villiers,B Laughlin,2,3,1,0,1,0,1,8,1
AB de Villiers,Basil Thampi,2,3,1,0,2,0,1,9,1
AB de Villiers,CH Morris,1,5,1,0,1,0,1,9,1
AB de Villiers,DJ Bravo,1,1,1,0,1,0,1,5,1
AB de Villiers,HV Patel,4,7,2,0,5,0,3,21,1
AB de Villiers,Harbhajan Singh,3,7,2,0,1,0,2,15,1
AB de Villiers,I Sodhi,2,6,2,0,3,0,2,15,1
AB de Villiers,Imran Tahir,2,4,1,0,1,0,2,10,1
AB de Villiers,J Archer,2,4,1,0,3,0,2,12,1
AB de Villiers,J Dala,2,1,1,0,3,0,2,9,1
AB de Villiers,JD Unadkat,1,4,1,0,1,0,2,9,1
AB de Villiers,K Gowtham,1,1,1,0,1,0,2,6,1
AB de Villiers,Kuldeep Yadav,1,2,1,0,1,0,2,7,1
AB de Villiers,M Ur Rahman,2,3,1,0,1,0,2,9,1
AB de Villiers,MG Johnson,4,3,1,0,1,0,1,10,1
AB de Villiers,MJ McClenaghan,1,1,1,0,1,0,1,5,1
AB de Villiers,MM Sharma,1,5,2,0,2,0,2,12,1
AB de Villiers,N Rana,1,5,2,0,2,0,1,11,1
AB de Villiers,PP Chawla,1,2,2,0,2,0,1,8,1
AB de Villiers,R Ashwin,1,3,2,0,2,0,1,9,1
AB de Villiers,R Tewatia,1,7,2,0,2,0,2,14,1
AB de Villiers,RA Jadeja,2,2,2,0,2,0,1,9,1
AB de Villiers,Rashid Khan,5,4,2,0,1,0,1,13,2
AB de Villiers,S Gopal,8,11,1,1,1,0,1,23,2
AB de Villiers,S Kaul,2,1,1,1,3,0,1,9,2
AB de Villiers,S Lamichhane,3,4,1,1,3,0,1,13,2
AB de Villiers,S Nadeem,1,1,1,1,5,0,1,10,2
AB de Villiers,SN Thakur,5,1,1,1,5,0,3,16,2
AB de Villiers,SP Narine,1,3,1,1,5,0,1,12,2
AB de Villiers,SR Watson,1,4,1,1,5,0,1,13,2
AB de Villiers,Sandeep Sharma,3,6,1,1,3,0,1,15,2
AB de Villiers,Shakib Al Hasan,5,7,1,1,3,0,1,18,2
AB de Villiers,TA Boult,5,6,1,1,3,0,2,18,2
AD Nath,I Sodhi,5,1,0,0,0,0,0,6,1
AD Nath,J Archer,1,1,0,0,0,0,0,2,1
AD Nath,JD Unadkat,1,1,0,0,0,0,0,2,1
AD Nath,M Lomror,1,1,1,0,1,0,0,4,1
AD Russell,A Mishra,2,2,1,0,0,0,0,5,1
AD Russell,AJ Tye,3,4,1,0,1,0,0,9,1
AD Russell,AR Patel,2,1,1,0,1,0,2,7,1
AD Russell,Avesh Khan,6,2,1,0,1,0,2,12,1
AD Russell,B Laughlin,2,5,1,0,2,0,2,12,1
AD Russell,B Stanlake,1,5,1,0,2,0,1,10,1
AD Russell,BA Stokes,1,1,1,0,2,0,1,6,1
AD Russell,BB Sran,1,2,1,0,2,0,1,7,1
AD Russell,CH Morris,1,1,1,0,2,0,1,6,1
AD Russell,CR Brathwaite,1,1,1,0,2,0,1,6,1
AD Russell,CR Woakes,4,2,1,0,2,0,1,10,1
AD Russell,DJ Bravo,3,5,1,0,2,0,6,17,1
AD Russell,HH Pandya,2,2,1,0,2,0,6,13,1
AD Russell,I Sodhi,4,1,1,0,2,0,6,14,1
AD Russell,Imran Tahir,3,4,1,0,2,0,6,16,1
AD Russell,J Archer,3,4,1,0,1,0,2,11,1
AD Russell,JD Unadkat,3,2,1,0,2,0,1,9,1
AD Russell,JJ Bumrah,1,1,1,0,2,0,1,6,1
AD Russell,L Plunkett,5,2,1,0,1,0,1,10,1
AD Russell,M Markande,2,2,1,0,1,0,1,7,1
AD Russell,M Ur Rahman,2,2,1,0,1,0,1,7,1
AD Russell,MJ McClenaghan,1,2,1,0,1,0,1,6,1
AD Russell,MM Sharma,1,2,1,0,1,0,1,6,1
AD Russell,Mohammed Shami,1,2,1,0,1,0,6,11,1
AD Russell,Mohammed Siraj,1,2,1,0,1,0,6,11,1
AD Russell,R Tewatia,3,2,1,0,1,0,1,8,1
AD Russell,Rashid Khan,3,2,1,0,1,0,1,8,1
AD Russell,S Kaul,2,2,1,0,1,0,1,7,1
AD Russell,SN Thakur,2,3,1,0,1,0,4,11,1
AD Russell,SR Watson,2,5,1,0,1,0,1,10,1
AD Russell,Shakib Al Hasan,2,2,1,0,1,0,1,7,1
AD Russell,TA Boult,1,2,1,0,1,0,1,6,1
AD Russell,UT Yadav,3,1,1,0,2,0,1,8,1
AJ Finch,Avesh Khan,1,0,0,0,0,0,0,1,1
AJ Finch,C de Grandhomme,1,5,0,0,0,0,0,6,1
AJ Finch,DL Chahar,2,1,0,0,1,0,0,4,1
AJ Finch,HH Pandya,2,5,2,0,1,0,1,11,1
AJ Finch,Imran Tahir,1,5,2,0,1,0,1,10,1
AJ Finch,J Searles,1,2,2,0,1,0,1,7,1
AJ Finch,JJ Bumrah,2,2,2,0,1,0,1,8,1
AJ Finch,KH Pandya,2,6,1,0,2,0,1,12,1
AJ Finch,Kuldeep Yadav,2,4,1,0,2,0,2,11,1
AJ Finch,L Ngidi,1,1,1,0,2,0,2,7,1
AJ Finch,M Ali,2,1,1,0,2,0,1,7,1
AJ Finch,M Markande,2,6,1,0,2,0,1,12,1
AJ Finch,MJ McClenaghan,2,2,1,0,1,0,1,7,1
AJ Finch,Mohammed Siraj,4,2,1,0,1,0,1,9,1
AJ Finch,PP Chawla,4,5,1,0,1,0,1,12,1
AJ Finch,Rashid Khan,4,2,1,0,1,0,1,9,1
AJ Finch,S Kaul,4,3,1,0,1,0,1,10,1
AJ Finch,SP Narine,1,3,1,0,1,0,1,7,1
AJ Finch,Shakib Al Hasan,1,1,1,0,1,0,1,5,1
AJ Finch,TA Boult,1,1,1,0,1,0,1,5,1
AJ Finch,UT Yadav,1,1,1,0,1,0,1,5,1
AJ Finch,YS Chahal,3,4,1,0,1,0,1,10,1
AJ Tye,AD Russell,0,1,0,0,0,0,0,1,0
AJ Tye,CR Woakes,1,2,0,0,0,0,0,3,1
AJ Tye,DJ Bravo,2,1,1,0,0,0,0,4,1
AJ Tye,DT Christian,2,1,1,0,1,0,0,5,1
AJ Tye,J Searles,2,1,1,0,1,0,1,6,1
AJ Tye,JD Unadkat,2,1,1,0,1,0,1,6,1
AJ Tye,L Ngidi,2,1,1,0,1,0,1,6,1
AJ Tye,L Plunkett,2,1,1,0,1,0,1,6,1
AJ Tye,P Krishna,3,2,1,0,1,0,1,8,1
AJ Tye,SP Narine,3,2,1,0,1,0,1,8,1
AJ Tye,Sandeep Sharma,1,2,1,0,1,0,1,6,1
AJ Tye,TA Boult,3,2,1,0,1,0,1,8,1
AJ Tye,UT Yadav,4,1,1,1,1,0,1,9,1
AJ Tye,Washington Sundar,4,2,1,1,1,0,1,10,1
AM Rahane,AD Russell,5,3,5,0,0,0,1,14,0
AM Rahane,AJ Tye,2,1,5,0,0,0,1,9,1
AM Rahane,AR Patel,2,3,5,0,0,0,1,11,1
AM Rahane,AS Rajpoot,2,1,5,0,0,0,1,9,1
AM Rahane,B Kumar,1,2,5,0,0,0,1,9,1
AM Rahane,B Stanlake,1,1,5,0,1,0,1,9,1
AM Rahane,Basil Thampi,1,1,5,0,1,0,1,9,1
AM Rahane,C de Grandhomme,1,5,5,0,1,0,1,13,1
AM Rahane,CH Morris,1,3,5,0,1,0,1,11,1
AM Rahane,CR Woakes,3,3,5,0,2,0,1,14,1
AM Rahane,DL Chahar,4,4,1,0,1,0,1,11,1
AM Rahane,HH Pandya,1,3,1,0,1,0,1,7,1
AM Rahane,J Searles,1,2,1,0,1,0,1,6,1
AM Rahane,JJ Bumrah,3,4,1,0,1,0,1,10,1
AM Rahane,KH Pandya,4,12,1,0,1,0,1,19,1
AM Rahane,Kuldeep Yadav,8,6,1,0,1,0,1,17,2
AM Rahane,M Ali,8,1,1,0,1,0,1,12,2
AM Rahane,M Markande,8,3,1,0,1,0,1,14,2
AM Rahane,M Ur Rahman,8,3,1,0,1,0,1,14,2
AM Rahane,MJ McClenaghan,9,6,1,0,2,0,1,19,1
AM Rahane,MM Sharma,2,1,1,0,1,0,1,6,1
AM Rahane,MP Stoinis,2,1,1,0,1,0,1,6,1
AM Rahane,Mohammed Shami,5,3,1,0,3,0,1,13,1
AM Rahane,Mohammed Siraj,5,5,1,0,3,0,1,15,1
AM Rahane,Mustafizur Rahman,1,1,1,0,3,0,1,7,1
AM Rahane,N Rana,1,1,1,0,3,0,1,7,1
AM Rahane,P Krishna,3,3,1,0,3,0,1,11,1
AM Rahane,PP Chawla,4,10,1,0,1,0,1,17,1
AM Rahane,R Tewatia,2,5,1,0,1,0,1,10,1
AM Rahane,RA Jadeja,2,5,1,0,1,0,1,10,1
AM Rahane,Rashid Khan,2,9,1,0,1,0,1,14,1
AM Rahane,S Kaul,3,9,2,0,1,0,1,16,1
AM Rahane,S Mavi,3,1,2,0,1,0,1,8,1
AM Rahane,S Nadeem,2,5,2,0,1,0,1,11,1
AM Rahane,SN Thakur,2,2,2,0,1,0,1,8,1
AM Rahane,SP Narine,4,4,2,0,6,0,1,17,1
AM Rahane,Sandeep Sharma,5,3,1,0,1,0,1,11,1
AM Rahane,Shakib Al Hasan,4,9,1,0,3,0,1,18,1
AM Rahane,TA Boult,5,9,1,1,1,0,1,18,1
AM Rahane,TG Southee,1,5,1,1,1,0,1,10,1
AM Rahane,UT Yadav,6,6,1,1,5,0,1,20,1
AM Rahane,Washington Sundar,1,3,1,1,1,0,1,8,1
AM Rahane,YK Pathan,1,5,1,1,1,0,1,10,1
AM Rahane,YS Chahal,2,3,1,1,1,0,1,9,1
AR Patel,Anureet Singh,0,2,1,0,1,0,0,4,1
AR Patel,BCJ Cutting,1,2,1,0,1,0,0,5,1
AR Patel,C de Grandhomme,2,2,1,0,1,0,0,6,1
AR Patel,DJ Bravo,2,3,1,0,1,0,0,7,1
AR Patel,J Searles,1,2,1,0,1,0,0,5,1
AR Patel,JD Unadkat,1,2,1,0,1,0,0,5,1
AR Patel,JJ Bumrah,2,4,1,0,1,0,0,8,1
AR Patel,K Gowtham,1,3,1,0,1,0,0,6,1
AR Patel,K Khejroliya,1,1,1,0,1,0,0,4,1
AR Patel,KH Pandya,1,2,1,0,1,0,0,5,1
AR Patel,Kuldeep Yadav,1,2,1,0,1,0,1,6,1
AR Patel,M Ali,1,4,1,0,1,0,1,8,1
AR Patel,M Markande,1,2,1,0,1,0,1,6,1
AR Patel,MJ McClenaghan,1,4,1,0,1,0,1,8,1
AR Patel,Mohammed Siraj,1,2,1,0,1,0,1,6,1
AR Patel,RA Jadeja,1,3,1,0,1,0,1,7,1
AR Patel,SN Thakur,1,3,1,0,1,0,1,7,1
AR Patel,SP Narine,1,2,1,0,1,0,1,6,1
AR Patel,UT Yadav,1,1,1,0,1,0,1,5,1
AR Patel,Washington Sundar,1,1,1,0,1,0,1,5,1
AR Patel,YS Chahal,1,2,1,0,1,0,1,6,1
AS Rajpoot,Basil Thampi,1,0,0,0,0,0,0,1,1
AS Rajpoot,DJ Bravo,1,1,0,0,0,0,0,2,1
AS Rajpoot,Mohammed Siraj,4,1,0,0,0,0,0,5,1
AS Rajpoot,Rashid Khan,1,2,0,0,0,0,0,3,1
AS Rajpoot,S Kaul,1,3,0,0,1,0,0,5,1
AS Rajpoot,SN Thakur,2,1,0,0,1,0,0,4,1
AS Yadav,AD Russell,5,3,0,0,1,0,0,9,1
AS Yadav,AJ Tye,4,2,0,0,1,0,0,7,1
AS Yadav,AR Patel,4,2,0,0,1,0,0,7,1
AS Yadav,AS Rajpoot,10,3,0,0,5,0,5,23,1
AS Yadav,B Stanlake,1,1,0,0,1,0,5,8,1
AS Yadav,BA Stokes,2,3,3,0,1,0,5,14,1
AS Yadav,Basil Thampi,1,1,3,0,1,0,5,11,1
AS Yadav,DJ Bravo,1,1,3,0,3,0,5,13,1
AS Yadav,DL Chahar,11,3,1,0,4,0,5,24,1
AS Yadav,DS Kulkarni,6,11,1,0,3,0,2,23,1
AS Yadav,GJ Maxwell,1,4,1,0,3,0,2,11,1
AS Yadav,Harbhajan Singh,3,7,2,0,2,0,2,16,1
AS Yadav,Imran Tahir,3,2,2,0,2,0,2,11,1
AS Yadav,J Archer,6,3,1,0,1,0,2,13,1
AS Yadav,JD Unadkat,4,4,1,0,3,0,2,14,1
AS Yadav,K Gowtham,7,6,1,0,4,0,2,20,1
AS Yadav,Kuldeep Yadav,4,3,2,0,2,0,1,12,1
AS Yadav,M Ur Rahman,1,1,2,0,2,0,1,7,1
AS Yadav,M Wood,1,1,2,0,2,0,1,7,1
AS Yadav,MG Johnson,3,3,2,0,2,0,1,11,1
AS Yadav,MM Sharma,1,2,2,0,2,0,1,8,1
AS Yadav,MP Stoinis,5,1,2,0,2,0,1,11,1
AS Yadav,Mohammad Nabi,6,3,1,0,4,0,1,15,1
AS Yadav,Mohammed Shami,3,3,1,0,2,0,1,10,1
AS Yadav,N Rana,3,2,1,0,2,0,1,9,1
AS Yadav,P Krishna,8,5,1,0,1,0,1,16,1
AS Yadav,PP Chawla,2,5,1,0,3,0,1,12,1
AS Yadav,R Ashwin,3,8,1,0,3,0,1,16,1
AS Yadav,R Tewatia,1,4,1,0,3,0,1,10,1
AS Yadav,RA Jadeja,1,1,1,0,3,0,1,7,1
AS Yadav,Rashid Khan,6,5,1,0,3,0,1,16,1
AS Yadav,S Gopal,2,6,1,0,1,0,1,11,1
AS Yadav,S Kaul,4,5,1,0,1,0,1,12,1
AS Yadav,S Lamichhane,1,5,1,0,1,0,1,9,1
AS Yadav,S Nadeem,1,3,1,0,2,0,1,8,1
AS Yadav,SN Thakur,2,2,1,0,2,0,1,8,1
AS Yadav,SP Narine,5,6,1,0,2,0,1,15,1
AS Yadav,SR Watson,7,3,3,0,2,0,1,16,1
AS Yadav,Sandeep Sharma,6,4,1,0,2,0,1,14,1
AS Yadav,Shakib Al Hasan,9,8,1,0,2,0,1,21,1
AS Yadav,T Curran,9,1,1,0,1,0,1,13,1
AS Yadav,TA Boult,2,2,1,0,3,0,1,9,1
AS Yadav,TG Southee,3,1,1,0,1,0,1,7,1
AS Yadav,UT Yadav,3,1,1,0,1,0,1,7,2
AT Rayudu,A Mishra,3,6,0,0,2,0,1,12,0
AT Rayudu,AD Russell,5,4,2,0,2,0,1,14,0
AT Rayudu,AJ Tye,5,3,2,0,2,0,1,13,0
AT Rayudu,AS Rajpoot,5,1,2,0,2,0,1,11,0
AT Rayudu,Ankit Sharma,1,2,2,0,1,0,1,7,0
AT Rayudu,Avesh Khan,5,6,1,0,2,0,3,17,0
AT Rayudu,B Kumar,8,8,1,0,2,0,4,23,0
AT Rayudu,B Laughlin,1,1,1,0,2,0,4,9,1
AT Rayudu,B Stanlake,2,1,1,0,3,0,1,8,1
AT Rayudu,BA Stokes,1,2,1,0,1,0,1,6,1
AT Rayudu,BB Sran,3,1,1,0,1,0,1,7,1
AT Rayudu,BCJ Cutting,1,3,1,0,1,0,1,7,1
AT Rayudu,C de Grandhomme,1,2,1,0,1,0,1,6,1
AT Rayudu,CJ Anderson,1,6,1,0,1,0,2,11,1
AT Rayudu,CR Brathwaite,2,1,1,0,1,0,2,7,1
AT Rayudu,DJ Hooda,2,2,1,0,1,0,2,8,1
AT Rayudu,GJ Maxwell,2,4,1,0,1,0,2,10,1
AT Rayudu,HH Pandya,8,5,1,0,3,0,1,18,1
AT Rayudu,HV Patel,2,3,1,0,1,0,1,8,1
AT Rayudu,J Archer,1,3,1,0,1,0,1,7,1
AT Rayudu,JJ Bumrah,5,2,1,0,1,0,1,10,1
AT Rayudu,K Gowtham,1,3,1,0,1,0,1,7,1
AT Rayudu,KH Pandya,2,2,1,0,1,0,1,7,1
AT Rayudu,Kuldeep Yadav,1,3,1,0,1,0,1,7,1
AT Rayudu,L Plunkett,1,1,1,0,2,0,1,6,1
AT Rayudu,M Ashwin,1,1,1,0,2,0,1,6,1
AT Rayudu,M Markande,4,4,1,0,2,0,1,12,1
AT Rayudu,M Ur Rahman,2,5,1,0,2,0,1,11,1
AT Rayudu,MG Johnson,2,2,1,0,1,0,1,7,1
AT Rayudu,MJ McClenaghan,3,5,1,0,2,0,1,12,1
AT Rayudu,MM Sharma,3,2,1,0,1,0,1,8,1
AT Rayudu,Mohammed Siraj,4,6,1,0,2,0,1,14,1
AT Rayudu,Mustafizur Rahman,1,6,1,0,1,0,1,10,1
AT Rayudu,P Negi,2,3,1,0,1,0,1,8,1
AT Rayudu,PP Chawla,3,4,1,0,2,0,2,12,1
AT Rayudu,R Ashwin,1,9,1,0,1,0,2,14,1
AT Rayudu,Rashid Khan,14,13,1,0,4,0,2,34,1
AT Rayudu,S Kaul,4,12,1,0,4,0,2,23,2
AT Rayudu,SP Narine,3,4,1,0,1,0,2,11,1
AT Rayudu,STR Binny,3,4,1,0,1,0,2,11,1
AT Rayudu,Sandeep Sharma,3,5,1,0,1,0,2,12,1
AT Rayudu,Shakib Al Hasan,4,10,1,0,4,0,3,22,1
AT Rayudu,T Curran,4,1,1,0,4,0,3,13,1
AT Rayudu,TA Boult,3,3,1,0,1,0,3,11,1
AT Rayudu,TG Southee,4,3,1,0,2,0,1,11,1
AT Rayudu,UT Yadav,6,7,1,0,2,0,2,18,1
AT Rayudu,V Shankar,2,2,1,0,1,0,2,8,1
AT Rayudu,Washington Sundar,2,1,1,0,1,0,2,7,1
AT Rayudu,YS Chahal,8,7,1,0,1,0,1,18,1
AT Rayudu,Yuvraj Singh,8,3,1,0,1,0,1,14,1
Ankit Sharma,BCJ Cutting,0,2,0,0,0,0,0,2,0
Ankit Sharma,JJ Bumrah,0,4,0,0,0,0,0,4,0
Ankit Sharma,KH Pandya,0,1,0,0,0,0,0,1,0
Ankit Sharma,Mohammed Siraj,4,3,0,0,2,0,2,11,0
Ankit Sharma,Mustafizur Rahman,4,2,1,0,2,0,1,10,0
Ankit Sharma,RA Jadeja,4,1,1,0,2,0,1,9,0
Ankit Sharma,SN Thakur,2,1,1,0,2,0,1,7,1
Ankit Sharma,TG Southee,2,4,2,0,1,0,2,11,1
Anureet Singh,AD Russell,0,1,0,0,0,0,0,1,0
Anureet Singh,P Krishna,0,3,0,0,0,0,0,3,0
B Kumar,DJ Bravo,2,4,0,0,0,0,0,6,0
B Kumar,L Ngidi,2,4,0,0,0,0,0,6,0
B Kumar,P Krishna,1,1,0,0,1,0,0,3,1
B Kumar,SN Thakur,1,1,0,0,1,0,0,3,1
B Kumar,TG Southee,1,1,0,0,1,0,0,3,1
B Laughlin,KV Sharma,1,0,0,0,0,0,0,1,1
B Laughlin,S Kaul,2,1,0,0,0,0,0,3,1
B Stanlake,BCJ Cutting,0,1,0,0,1,0,0,2,0
BA Stokes,AJ Tye,1,2,0,1,0,0,0,4,1
BA Stokes,B Stanlake,1,2,1,1,0,0,0,5,1
BA Stokes,CH Morris,2,1,1,1,0,0,1,6,1
BA Stokes,DJ Bravo,2,5,1,1,0,0,1,10,1
BA Stokes,DL Chahar,3,4,1,1,0,0,1,10,1
BA Stokes,HH Pandya,1,3,1,1,0,0,1,7,1
BA Stokes,Harbhajan Singh,2,3,1,1,1,0,1,9,1
BA Stokes,Imran Tahir,3,7,2,1,2,0,1,16,1
BA Stokes,JJ Bumrah,1,2,2,1,2,0,1,9,1
BA Stokes,K Khejroliya,2,4,1,1,1,0,1,10,1
BA Stokes,KH Pandya,1,3,1,1,1,0,1,8,1
BA Stokes,Kuldeep Yadav,1,10,1,1,1,0,1,15,1
BA Stokes,M Markande,1,2,2,1,1,0,1,8,1
BA Stokes,M Ur Rahman,3,4,2,1,1,0,1,12,1
BA Stokes,MJ McClenaghan,3,2,1,1,1,0,1,9,1
BA Stokes,MM Sharma,3,2,1,1,1,0,1,9,1
BA Stokes,Mustafizur Rahman,1,4,1,1,1,0,1,9,1
BA Stokes,N Rana,1,1,1,1,1,0,1,6,1
BA Stokes,PP Chawla,1,1,1,1,1,0,1,6,1
BA Stokes,R Ashwin,1,4,1,1,2,0,1,10,1
BA Stokes,RA Jadeja,2,1,1,1,2,0,1,8,1
BA Stokes,Rashid Khan,3,1,1,1,2,0,1,9,1
BA Stokes,S Kaul,2,1,1,1,2,0,1,8,1
BA Stokes,S Mavi,2,2,1,1,2,0,1,9,1
BA Stokes,S Nadeem,2,2,1,1,2,0,1,9,1
BA Stokes,SN Thakur,2,1,1,1,2,0,1,8,1
BA Stokes,SP Narine,2,2,2,1,2,0,1,10,1
BA Stokes,SR Watson,2,4,2,1,1,0,1,11,1
BA Stokes,TA Boult,4,3,2,1,1,0,1,12,2
BA Stokes,UT Yadav,2,1,1,1,1,0,1,7,2
BA Stokes,Washington Sundar,1,5,1,1,1,0,1,10,2
BA Stokes,YK Pathan,1,5,1,1,1,0,1,10,1
BA Stokes,YS Chahal,1,1,1,1,1,0,1,6,1
BB McCullum,AD Russell,1,2,0,0,0,0,0,3,1
BB McCullum,AR Patel,1,2,0,0,0,0,0,3,1
BB McCullum,D Willey,1,1,0,0,1,0,0,3,1
BB McCullum,HH Pandya,1,1,0,0,1,0,1,4,1
BB McCullum,JJ Bumrah,1,2,0,0,1,0,1,5,1
BB McCullum,K Gowtham,3,2,0,0,1,0,1,7,1
BB McCullum,KH Pandya,5,3,0,0,1,0,1,10,1
BB McCullum,Kuldeep Yadav,2,7,0,0,1,1,1,12,1
BB McCullum,L Ngidi,1,1,0,0,1,1,1,5,1
BB McCullum,M Markande,2,2,0,0,3,1,1,9,1
BB McCullum,MG Johnson,2,4,0,0,3,1,1,11,1
BB McCullum,MJ McClenaghan,2,4,1,0,3,1,1,12,1
BB McCullum,PP Chawla,11,3,1,0,4,1,2,22,1
BB McCullum,R Vinay Kumar,3,3,1,0,2,1,1,11,1
BB McCullum,S Mavi,1,2,1,0,2,1,1,8,1
BB McCullum,SP Narine,2,2,1,0,2,1,1,9,1
BB Sran,P Krishna,0,1,0,0,0,0,0,1,0
BB Sran,S Kaul,3,1,0,0,0,0,0,4,1
BB Sran,Sandeep Sharma,3,1,0,0,0,0,0,4,1
BB Sran,TA Boult,3,1,0,0,0,0,0,4,1
BCJ Cutting,A Mishra,2,1,0,0,0,0,0,3,0
BCJ Cutting,AJ Tye,2,1,1,0,0,0,0,4,0
BCJ Cutting,B Stanlake,2,1,1,0,0,0,0,4,0
BCJ Cutting,BA Stokes,2,1,1,0,0,0,1,5,0
BCJ Cutting,HV Patel,1,1,1,0,0,0,1,4,1
BCJ Cutting,J Archer,2,1,1,0,0,0,1,5,1
BCJ Cutting,JD Unadkat,2,1,1,0,0,0,1,5,1
BCJ Cutting,L Plunkett,1,1,1,0,2,0,1,6,1
BCJ Cutting,Mohammed Siraj,1,1,1,0,2,0,1,6,1
BCJ Cutting,P Krishna,1,3,1,0,2,0,1,8,1
BCJ Cutting,PP Chawla,2,3,1,0,1,0,2,9,1
BCJ Cutting,R Ashwin,2,2,1,0,1,0,2,8,1
BCJ Cutting,Rashid Khan,2,2,1,0,1,0,2,8,1
BCJ Cutting,S Kaul,1,2,1,0,1,0,2,7,1
BCJ Cutting,S Lamichhane,1,1,1,0,1,0,2,6,1
BCJ Cutting,Shakib Al Hasan,1,2,1,0,1,0,2,7,1
BCJ Cutting,TA Boult,1,4,2,0,1,0,1,9,1
BCJ Cutting,TG Southee,3,4,2,0,1,0,1,11,1
Basil Thampi,JJ Bumrah,1,1,0,0,0,0,0,2,0
Basil Thampi,M Markande,1,1,0,0,0,0,0,2,1
Basil Thampi,Mustafizur Rahman,1,2,0,0,0,0,0,3,1
C Munro,DS Kulkarni,1,0,0,0,0,0,0,1,1
C Munro,KM Asif,2,0,0,0,2,0,1,5,1
C Munro,Kuldeep Yadav,1,2,0,0,2,0,1,6,1
C Munro,L Ngidi,6,1,0,0,2,0,1,10,1
C Munro,M Ur Rahman,1,1,0,0,2,0,1,5,1
C Munro,MG Johnson,1,1,0,0,2,0,1,5,1
C Munro,MM Sharma,1,2,0,0,2,0,1,6,1
C Munro,PP Chawla,1,1,0,0,2,0,1,5,1
C Munro,R Ashwin,1,2,0,0,2,0,1,6,1
C Munro,S Mavi,3,1,0,0,1,0,1,6,1
C Munro,SP Narine,3,1,0,0,1,0,1,6,1
C Munro,SR Watson,1,1,0,0,1,0,1,4,1
C de Grandhomme,B Kumar,4,3,0,0,1,0,0,8,1
C de Grandhomme,Basil Thampi,2,2,2,0,1,0,2,9,1
C de Grandhomme,D Willey,1,2,2,0,1,0,2,8,1
C de Grandhomme,DJ Bravo,1,2,1,0,1,0,2,7,1
C de Grandhomme,HH Pandya,1,1,1,0,1,0,2,6,1
C de Grandhomme,HV Patel,1,1,1,1,1,0,2,7,1
C de Grandhomme,Harbhajan Singh,2,2,1,1,1,0,2,9,1
C de Grandhomme,I Sodhi,1,1,1,1,1,0,2,7,1
C de Grandhomme,Imran Tahir,1,2,1,1,1,0,2,8,1
C de Grandhomme,JJ Bumrah,3,1,1,1,1,0,2,9,1
C de Grandhomme,MG Johnson,3,1,1,1,1,0,1,8,1
C de Grandhomme,MJ McClenaghan,3,1,1,1,1,0,2,9,1
C de Grandhomme,RA Jadeja,1,2,1,1,1,0,2,8,1
C de Grandhomme,Rashid Khan,3,1,1,1,1,0,2,9,1
C de Grandhomme,S Gopal,3,1,1,1,1,0,2,9,1
C de Grandhomme,S Kaul,2,9,1,1,1,0,1,15,1
C de Grandhomme,S Mavi,1,1,3,1,1,0,1,8,1
C de Grandhomme,SN Thakur,1,1,3,1,1,0,1,8,1
C de Grandhomme,Sandeep Sharma,1,3,1,1,1,0,1,8,1
C de Grandhomme,Shakib Al Hasan,1,3,1,1,1,0,1,8,1
C de Grandhomme,TA Boult,1,2,1,1,1,0,1,7,1
CA Lynn,AJ Tye,2,2,1,0,1,0,2,8,2
CA Lynn,AS Rajpoot,1,3,1,0,1,0,1,7,2
CA Lynn,Anureet Singh,1,2,1,0,1,0,1,6,2
CA Lynn,B Kumar,7,5,1,0,6,0,1,20,2
CA Lynn,B Stanlake,3,2,1,0,2,0,1,9,2
CA Lynn,BA Stokes,7,3,1,0,1,0,1,13,1
CA Lynn,BB Sran,5,1,1,0,2,0,3,12,1
CA Lynn,CH Morris,4,1,1,0,2,0,1,9,1
CA Lynn,CR Brathwaite,3,4,1,0,2,0,1,11,1
CA Lynn,CR Woakes,4,4,1,0,1,0,1,11,1
CA Lynn,DL Chahar,1,1,1,0,1,0,1,5,1
CA Lynn,GJ Maxwell,1,1,1,0,1,0,1,5,1
CA Lynn,Harbhajan Singh,1,2,1,0,1,0,1,6,1
CA Lynn,I Sodhi,5,6,1,0,1,0,1,14,1
CA Lynn,Imran Tahir,5,1,1,0,1,0,1,9,1
CA Lynn,J Archer,2,4,1,0,3,0,1,11,1
CA Lynn,JD Unadkat,4,4,1,0,2,0,1,12,1
CA Lynn,JJ Bumrah,2,4,1,0,3,0,1,11,1
CA Lynn,K Ahmed,2,1,1,0,3,0,1,8,1
CA Lynn,K Gowtham,10,5,1,0,1,0,1,18,1
CA Lynn,KH Pandya,3,2,1,0,1,0,1,8,1
CA Lynn,L Ngidi,4,2,1,0,1,0,2,10,1
CA Lynn,M Ashwin,2,6,1,0,1,0,2,12,1
CA Lynn,M Ur Rahman,4,7,1,0,1,0,2,15,1
CA Lynn,MJ McClenaghan,10,2,1,0,5,0,1,19,1
CA Lynn,MM Sharma,4,2,1,0,2,0,1,10,1
CA Lynn,Mohammed Shami,2,1,1,0,2,0,1,7,1
CA Lynn,Mohammed Siraj,3,7,1,0,1,0,1,13,1
CA Lynn,R Ashwin,1,5,2,0,1,0,1,10,1
CA Lynn,R Tewatia,1,2,2,0,1,0,1,7,1
CA Lynn,RA Jadeja,4,1,2,0,1,0,1,9,1
CA Lynn,Rashid Khan,5,12,1,0,1,0,1,20,1
CA Lynn,S Gopal,4,12,1,0,1,0,1,19,1
CA Lynn,S Kaul,11,5,1,0,6,0,3,26,1
CA Lynn,S Nadeem,3,4,1,0,1,0,3,12,1
CA Lynn,SR Watson,3,1,1,0,1,0,3,9,1
CA Lynn,Sandeep Sharma,1,1,1,0,1,0,1,5,1
CA Lynn,Shakib Al Hasan,9,14,1,0,1,0,1,26,1
CA Lynn,TA Boult,9,1,1,0,4,0,1,16,1
CA Lynn,TG Southee,1,5,1,0,1,0,1,9,1
CA Lynn,UT Yadav,3,3,1,0,1,0,1,9,1
CA Lynn,YS Chahal,11,6,1,0,3,0,1,22,1
CA Lynn,Yuvraj Singh,11,1,1,0,1,0,1,15,1
CH Gayle,AD Russell,7,2,0,0,3,0,3,15,1
CH Gayle,B Kumar,2,6,2,0,3,0,1,14,1
CH Gayle,BCJ Cutting,2,1,2,0,3,0,1,9,1
CH Gayle,Basil Thampi,3,1,2,0,3,0,1,10,1
CH Gayle,CJ Jordan,4,4,1,0,2,0,2,13,1
CH Gayle,DJ Bravo,4,2,1,0,2,0,2,11,1
CH Gayle,DJ Hooda,4,4,1,0,2,0,1,12,1
CH Gayle,DL Chahar,4,2,1,0,2,0,2,11,1
CH Gayle,HH Pandya,6,7,1,0,5,0,1,20,1
CH Gayle,Harbhajan Singh,4,5,1,0,2,0,1,13,1
CH Gayle,Imran Tahir,1,5,1,0,1,0,1,9,1
CH Gayle,J Archer,4,1,1,0,2,0,1,9,1
CH Gayle,J Searles,4,2,1,0,1,0,1,9,1
CH Gayle,JJ Bumrah,7,3,1,0,1,0,1,13,1
CH Gayle,JP Duminy,7,2,1,0,1,0,1,12,1
CH Gayle,K Gowtham,5,1,1,0,1,0,1,9,1
CH Gayle,Kuldeep Yadav,1,1,1,0,1,0,1,5,1
CH Gayle,L Ngidi,2,1,1,0,1,0,1,6,1
CH Gayle,M Markande,2,4,1,0,1,0,1,9,1
CH Gayle,MJ McClenaghan,6,5,1,0,2,0,1,15,1
CH Gayle,Mohammad Nabi,4,2,1,0,2,0,1,10,1
CH Gayle,N Rana,1,2,1,0,2,0,1,7,1
CH Gayle,P Krishna,1,3,1,0,2,0,1,8,1
CH Gayle,PP Chawla,4,1,1,0,2,0,2,10,1
CH Gayle,Rashid Khan,6,5,1,0,2,0,6,20,1
CH Gayle,S Kaul,3,8,1,0,1,0,6,19,1
CH Gayle,S Mavi,8,3,1,0,2,0,6,20,1
CH Gayle,SN Thakur,1,1,1,0,2,0,6,11,1
CH Gayle,SP Narine,6,2,1,0,1,0,6,16,1
CH Gayle,SR Watson,1,2,1,0,1,0,6,11,1
CH Gayle,Sandeep Sharma,3,3,1,0,1,0,6,14,1
CH Gayle,Shakib Al Hasan,2,3,1,0,1,0,1,8,1
CH Gayle,T Curran,2,3,1,0,1,0,1,8,1
CH Gayle,TG Southee,1,1,1,0,3,0,1,7,1
CH Gayle,UT Yadav,7,1,1,0,1,0,1,11,1
CH Morris,AJ Tye,0,2,0,0,0,0,0,2,0
CH Morris,B Laughlin,1,1,1,0,1,0,1,5,0
CH Morris,JD Unadkat,1,1,1,0,1,0,1,5,0
CH Morris,Kuldeep Yadav,1,1,1,0,1,0,1,5,0
CH Morris,M Ur Rahman,1,2,1,0,1,0,1,6,0
CH Morris,MM Sharma,1,4,1,1,1,0,1,9,0
CH Morris,R Ashwin,1,2,1,1,1,0,1,7,0
CH Morris,SP Narine,1,1,1,1,1,0,1,6,1
CJ Anderson,CH Morris,0,2,0,0,0,0,0,2,0
CJ Anderson,DJ Bravo,5,2,0,0,0,0,0,7,0
CJ Anderson,HV Patel,5,1,0,0,0,0,0,6,0
CJ Anderson,Imran Tahir,1,2,0,0,0,0,0,3,1
CJ Anderson,KH Pandya,1,2,0,0,0,0,0,3,1
CJ Anderson,R Tewatia,1,5,0,0,0,0,0,6,1
CJ Anderson,TA Boult,2,1,0,0,0,0,1,4,1
CR Brathwaite,AD Russell,1,0,0,0,0,0,0,1,1
CR Brathwaite,DJ Bravo,1,8,0,0,0,0,1,10,1
CR Brathwaite,L Ngidi,5,5,0,0,0,0,1,11,1
CR Brathwaite,P Krishna,1,5,0,0,0,0,1,7,1
CR Brathwaite,RA Jadeja,4,1,0,0,0,0,1,6,1
CR Brathwaite,SN Thakur,6,5,2,0,1,0,5,19,1
CR Brathwaite,SP Narine,6,1,2,0,1,0,5,15,1
CR Woakes,AJ Tye,1,1,0,0,0,0,0,2,0
CR Woakes,BA Stokes,1,1,0,0,0,0,0,2,0
CR Woakes,HH Pandya,2,2,0,0,0,0,0,4,0
CR Woakes,JJ Bumrah,2,2,0,0,0,0,0,4,1
CR Woakes,M Markande,2,1,0,0,0,0,0,3,1
CR Woakes,MG Johnson,2,1,0,0,1,0,0,4,1
CR Woakes,MJ McClenaghan,2,1,0,0,1,0,0,4,1
CR Woakes,Mustafizur Rahman,1,1,0,0,1,0,1,4,1
CR Woakes,R Vinay Kumar,1,1,0,0,1,0,1,4,1
D Shorey,C de Grandhomme,4,1,0,0,0,0,0,5,1
D Shorey,Mohammed Siraj,4,1,0,0,0,0,1,6,1
D Shorey,UT Yadav,2,1,0,0,0,0,1,4,1
D Short,A Mishra,3,3,0,0,0,0,0,6,0
D Short,Avesh Khan,3,2,0,0,0,0,0,5,0
D Short,B Kumar,3,1,0,0,1,0,0,5,1
D Short,CR Woakes,1,4,0,0,1,0,0,6,1
D Short,GJ Maxwell,1,4,0,0,1,0,3,9,1
D Short,JJ Bumrah,4,4,0,0,1,1,3,13,1
D Short,Kuldeep Yadav,4,3,0,0,1,1,3,12,1
D Short,L Plunkett,2,2,0,0,1,1,1,7,1
D Short,N Rana,3,2,0,0,1,1,1,8,1
D Short,PP Chawla,6,4,0,0,1,1,1,13,1
D Short,R Ashwin,1,4,1,0,1,1,1,9,1
D Short,S Mavi,4,3,1,0,2,1,1,12,1
D Short,S Nadeem,4,3,1,0,1,1,1,11,1
D Short,SP Narine,2,2,1,0,1,1,1,8,1
D Short,T Curran,1,1,1,0,1,1,1,6,1
D Short,TA Boult,1,4,1,0,2,1,1,10,1
D Short,UT Yadav,1,1,1,0,2,1,1,7,1
D Short,Washington Sundar,4,2,1,0,2,1,1,11,1
D Short,YS Chahal,3,1,1,0,1,1,1,8,1
DA Miller,A Mishra,2,9,4,0,0,0,1,16,0
DA Miller,Avesh Khan,1,1,4,0,0,0,1,7,0
DA Miller,CH Morris,1,1,1,0,0,0,1,4,0
DA Miller,DJ Bravo,1,2,1,0,0,0,1,5,1
DA Miller,DL Chahar,4,4,1,0,1,0,1,11,1
DA Miller,DT Christian,1,4,1,0,1,0,1,8,1
DA Miller,Harbhajan Singh,1,1,1,0,1,0,1,5,1
DA Miller,L Ngidi,1,2,1,0,1,0,1,6,1
DA Miller,L Plunkett,1,3,1,0,1,0,1,7,1
DA Miller,R Tewatia,5,8,1,0,1,0,1,16,1
DA Miller,RA Jadeja,5,2,1,0,1,0,1,10,1
DA Miller,SN Thakur,1,2,1,0,1,0,1,6,1
DA Miller,TA Boult,1,2,1,0,1,0,1,6,1
DJ Bravo,B Laughlin,3,4,1,0,1,0,0,9,0
DJ Bravo,BA Stokes,3,2,1,0,2,0,0,8,0
DJ Bravo,C de Grandhomme,5,6,1,0,2,0,0,14,0
DJ Bravo,CJ Anderson,5,2,1,0,1,0,1,10,0
DJ Bravo,CR Brathwaite,1,1,1,0,1,0,1,5,0
DJ Bravo,HH Pandya,2,1,1,0,1,0,1,6,0
DJ Bravo,HV Patel,2,1,1,0,1,0,1,6,0
DJ Bravo,JD Unadkat,1,2,1,0,1,0,1,6,0
DJ Bravo,JJ Bumrah,4,2,1,0,1,0,4,12,1
DJ Bravo,M Ashwin,2,2,1,0,1,0,1,7,1
DJ Bravo,M Markande,1,2,1,0,1,0,1,6,1
DJ Bravo,MJ McClenaghan,1,4,1,0,2,0,2,10,1
DJ Bravo,MM Sharma,1,1,1,0,2,0,2,7,1
DJ Bravo,Mohammed Siraj,1,2,1,0,2,0,2,8,1
DJ Bravo,Mustafizur Rahman,1,2,1,0,1,0,2,7,1
DJ Bravo,R Vinay Kumar,1,2,1,0,1,0,2,7,1
DJ Bravo,Rashid Khan,3,2,1,0,1,0,2,9,1
DJ Bravo,S Gopal,1,1,1,0,1,0,2,6,1
DJ Bravo,Shakib Al Hasan,1,2,1,0,1,0,2,7,1
DJ Bravo,T Curran,1,1,1,0,1,0,2,6,1
DJ Bravo,TA Boult,1,1,1,0,1,0,2,6,1
DJ Bravo,YS Chahal,1,1,1,0,1,0,2,6,1
DJ Hooda,AD Russell,1,2,0,0,0,0,0,3,0
DJ Hooda,AJ Tye,2,2,2,0,0,0,0,6,1
DJ Hooda,BCJ Cutting,1,7,1,0,0,0,1,10,1
DJ Hooda,DJ Bravo,1,4,3,0,0,0,1,9,1
DJ Hooda,DL Chahar,6,4,3,0,0,0,1,14,1
DJ Hooda,JJ Bumrah,1,4,3,1,0,0,1,10,1
DJ Hooda,Kuldeep Yadav,2,5,3,1,0,0,1,12,1
DJ Hooda,L Ngidi,1,2,3,1,0,0,1,8,1
DJ Hooda,M Markande,1,2,3,1,1,0,1,9,1
DJ Hooda,M Ur Rahman,1,1,3,1,1,0,1,8,1
DJ Hooda,MG Johnson,1,1,3,1,1,0,1,8,1
DJ Hooda,Mohammed Siraj,1,1,3,1,1,0,1,8,1
DJ Hooda,Mustafizur Rahman,1,5,3,1,1,0,1,12,1
DJ Hooda,PP Chawla,1,2,3,1,1,0,1,9,1
DJ Hooda,SN Thakur,1,7,3,1,1,0,1,14,1
DJ Hooda,SP Narine,5,7,1,1,1,0,1,16,1
DL Chahar,AJ Tye,0,2,1,0,0,0,0,3,0
DL Chahar,AR Patel,2,3,1,0,0,0,1,7,0
DL Chahar,M Markande,1,3,1,0,0,0,1,6,1
DL Chahar,R Ashwin,1,5,2,0,1,0,2,11,1
DL Chahar,Sandeep Sharma,1,2,2,0,1,0,1,7,1
DL Chahar,Shakib Al Hasan,1,2,2,0,1,0,1,7,1
DL Chahar,TA Boult,1,1,2,0,1,0,1,6,1
DS Kulkarni,B Kumar,1,1,0,0,0,0,0,2,0
DS Kulkarni,Rashid Khan,1,1,0,0,0,0,0,2,0
DS Kulkarni,S Kaul,1,1,0,0,0,0,0,2,0
DS Kulkarni,S Mavi,1,1,0,0,0,0,0,2,0
DS Kulkarni,T Curran,1,2,0,0,0,0,0,3,0
DT Christian,AJ Tye,1,3,0,0,0,0,1,5,0
DT Christian,B Kumar,1,1,0,0,0,0,1,3,0
DT Christian,M Ur Rahman,4,5,0,0,0,0,1,10,0
DT Christian,MM Sharma,1,3,0,0,0,0,1,5,1
DT Christian,R Ashwin,2,4,0,0,0,0,1,7,1
DT Christian,Rashid Khan,2,1,0,0,0,0,1,4,1
DT Christian,S Kaul,2,2,0,0,0,0,1,5,1
DT Christian,Shakib Al Hasan,3,1,1,0,0,0,1,6,1
E Lewis,A Mishra,4,2,0,0,0,0,1,7,1
E Lewis,AD Russell,1,2,1,0,0,0,1,5,1
E Lewis,AJ Tye,2,2,1,0,0,0,1,6,1
E Lewis,AS Rajpoot,1,5,1,0,0,0,1,8,1
E Lewis,B Stanlake,3,1,1,0,2,0,1,8,1
E Lewis,BA Stokes,3,3,1,0,1,0,1,9,1
E Lewis,CJ Anderson,2,1,1,0,1,0,1,6,1
E Lewis,CR Woakes,6,1,1,0,1,0,1,10,1
E Lewis,DJ Bravo,2,4,1,0,1,0,1,9,1
E Lewis,DL Chahar,2,4,1,0,1,0,1,9,1
E Lewis,DS Kulkarni,5,3,1,0,2,0,1,12,2
E Lewis,DT Christian,2,3,1,0,3,0,1,10,2
E Lewis,GJ Maxwell,8,5,1,0,1,0,2,17,2
E Lewis,HV Patel,8,2,1,0,2,0,1,14,2
E Lewis,Harbhajan Singh,5,7,1,0,2,0,1,16,2
E Lewis,Imran Tahir,4,2,1,0,2,0,2,11,2
E Lewis,J Archer,5,2,1,1,2,0,2,13,2
E Lewis,JD Unadkat,2,4,1,1,2,0,2,12,2
E Lewis,K Gowtham,2,3,1,1,1,0,1,9,2
E Lewis,Kuldeep Yadav,2,3,1,1,1,0,1,9,2
E Lewis,L Plunkett,2,5,1,1,1,0,1,11,2
E Lewis,M Ur Rahman,2,5,1,1,1,0,1,11,1
E Lewis,MM Sharma,1,2,1,1,1,0,1,7,1
E Lewis,Mohammad Nabi,1,1,1,1,1,0,1,6,1
E Lewis,Mohammed Siraj,5,2,1,1,1,1,1,12,1
E Lewis,N Rana,5,3,1,1,1,1,1,13,1
E Lewis,P Krishna,2,3,2,1,1,1,1,11,1
E Lewis,PP Chawla,4,3,2,1,2,1,1,14,1
E Lewis,R Ashwin,4,6,1,1,2,1,1,16,1
E Lewis,R Tewatia,4,3,1,1,2,1,1,13,1
E Lewis,Rashid Khan,1,3,1,1,2,1,1,10,1
E Lewis,S Gopal,1,4,1,1,2,1,2,12,1
E Lewis,S Kaul,2,4,1,1,1,1,2,12,1
E Lewis,S Lamichhane,2,1,1,1,1,1,2,9,1
E Lewis,S Nadeem,3,3,1,1,1,1,1,11,1
E Lewis,SN Thakur,5,4,1,1,1,1,1,14,1
E Lewis,SP Narine,2,1,1,1,3,1,1,10,1
E Lewis,SR Watson,1,2,1,1,3,1,1,10,1
E Lewis,Sandeep Sharma,10,1,1,1,1,1,1,16,1
E Lewis,T Curran,1,2,1,1,1,1,1,8,1
E Lewis,TA Boult,1,1,1,1,2,1,1,8,1
E Lewis,UT Yadav,3,2,1,1,1,1,1,10,1
E Lewis,Washington Sundar,3,2,1,1,3,1,1,12,1
E Lewis,YS Chahal,5,1,1,1,3,1,3,15,1
F du Plessis,A Mishra,2,3,1,0,0,0,0,6,0
F du Plessis,AS Rajpoot,10,3,1,0,2,0,0,16,1
F du Plessis,Avesh Khan,6,1,1,0,1,0,0,9,1
F du Plessis,B Kumar,7,3,1,0,1,1,1,14,1
F du Plessis,B Stanlake,7,1,1,0,1,1,1,12,1
F du Plessis,CR Brathwaite,3,3,1,0,3,1,2,13,1
F du Plessis,L Plunkett,1,2,1,0,3,1,1,9,1
F du Plessis,MG Johnson,1,3,1,0,1,1,1,8,1
F du Plessis,MM Sharma,1,3,1,0,1,1,1,8,1
F du Plessis,PP Chawla,5,3,1,0,2,1,1,13,1
F du Plessis,R Tewatia,1,4,1,0,1,1,1,9,1
F du Plessis,Rashid Khan,5,5,1,0,1,1,1,14,1
F du Plessis,S Kaul,3,6,1,0,1,1,1,13,1
F du Plessis,S Mavi,3,1,1,0,1,1,1,8,1
F du Plessis,SP Narine,3,1,1,0,1,1,1,8,1
F du Plessis,Sandeep Sharma,4,5,1,0,2,1,1,14,1
F du Plessis,Shakib Al Hasan,1,8,1,0,1,1,1,13,1
F du Plessis,TA Boult,2,2,1,0,1,1,1,8,1
F du Plessis,V Shankar,2,2,2,0,1,1,1,9,1
G Gambhir,A Dananjaya,0,1,0,0,0,0,0,1,0
G Gambhir,AD Russell,1,1,0,0,1,0,0,3,0
G Gambhir,AJ Tye,6,7,0,0,1,0,0,14,1
G Gambhir,AR Patel,1,4,0,0,3,0,1,9,1
G Gambhir,AS Rajpoot,5,5,0,0,3,0,1,14,1
G Gambhir,BB Sran,5,1,0,0,3,0,1,10,1
G Gambhir,CR Woakes,1,2,1,0,3,0,1,8,1
G Gambhir,HH Pandya,1,2,1,0,2,0,1,7,1
G Gambhir,JJ Bumrah,5,2,1,0,2,0,1,11,1
G Gambhir,M Ur Rahman,3,3,1,0,1,0,1,9,1
G Gambhir,MM Sharma,1,5,1,0,1,0,1,9,1
G Gambhir,MP Stoinis,1,2,1,0,1,0,1,6,1
G Gambhir,Mustafizur Rahman,2,2,1,0,1,0,1,7,1
G Gambhir,PP Chawla,2,2,1,0,1,0,1,7,1
G Gambhir,R Ashwin,2,7,1,0,1,0,1,12,1
G Gambhir,S Mavi,1,1,1,0,1,0,1,5,1
G Gambhir,UT Yadav,6,1,1,0,1,0,1,10,1
GJ Maxwell,AD Russell,1,1,0,0,1,0,0,3,0
GJ Maxwell,AJ Tye,3,1,0,0,1,0,1,6,0
GJ Maxwell,AS Rajpoot,3,1,0,0,1,0,1,6,1
GJ Maxwell,B Kumar,1,1,0,0,1,0,1,4,1
GJ Maxwell,B Laughlin,1,1,0,0,1,0,1,4,1
GJ Maxwell,DJ Bravo,1,3,0,0,1,0,1,6,1
GJ Maxwell,DS Kulkarni,1,2,0,0,1,0,1,5,1
GJ Maxwell,HH Pandya,1,1,0,0,1,0,1,4,1
GJ Maxwell,Harbhajan Singh,1,1,0,0,1,0,1,4,1
GJ Maxwell,J Archer,2,1,0,0,1,0,1,5,1
GJ Maxwell,JD Unadkat,3,1,0,1,2,0,1,8,1
GJ Maxwell,JJ Bumrah,3,1,1,1,2,0,1,9,1
GJ Maxwell,K Gowtham,1,1,1,1,2,0,1,7,1
GJ Maxwell,KH Pandya,3,1,1,1,1,0,1,8,1
GJ Maxwell,Kuldeep Yadav,2,2,2,1,1,0,2,10,1
GJ Maxwell,L Ngidi,2,1,2,1,1,0,2,9,1
GJ Maxwell,M Markande,2,1,1,1,1,0,1,7,1
GJ Maxwell,MG Johnson,3,1,1,1,1,0,1,8,1
GJ Maxwell,Mohammed Siraj,1,1,1,1,1,0,1,6,1
GJ Maxwell,Mustafizur Rahman,3,2,1,1,1,0,1,9,1
GJ Maxwell,PP Chawla,3,3,1,1,1,0,1,10,1
GJ Maxwell,RA Jadeja,4,3,1,1,1,0,1,11,2
GJ Maxwell,Rashid Khan,2,3,1,1,1,0,1,9,2
GJ Maxwell,S Kaul,2,2,1,1,1,0,1,8,2
GJ Maxwell,S Mavi,1,4,1,1,1,0,1,9,2
GJ Maxwell,SP Narine,1,2,2,1,1,0,1,8,2
GJ Maxwell,Sandeep Sharma,1,1,2,1,1,0,1,7,2
GJ Maxwell,Shakib Al Hasan,1,1,2,1,1,0,1,7,2
GJ Maxwell,T Curran,1,3,2,1,1,0,2,10,2
GJ Maxwell,Washington Sundar,1,3,2,1,1,0,2,10,2
GJ Maxwell,YS Chahal,1,1,2,1,1,0,2,8,1
H Klaasen,AD Russell,1,2,1,0,0,0,0,4,0
H Klaasen,DL Chahar,1,1,1,0,0,0,0,3,0
H Klaasen,Kuldeep Yadav,3,1,1,0,0,0,0,5,0
H Klaasen,M Ali,3,1,1,0,0,0,0,5,0
H Klaasen,Mohammed Siraj,4,1,2,0,3,0,1,11,1
H Klaasen,Mustafizur Rahman,1,1,2,0,3,0,1,8,1
H Klaasen,P Krishna,1,2,1,0,3,0,1,8,1
H Klaasen,PP Chawla,1,3,1,0,3,0,1,9,1
H Klaasen,SN Thakur,3,3,1,0,1,0,1,9,1
H Klaasen,SP Narine,3,2,1,0,1,0,1,8,1
H Klaasen,TG Southee,3,3,1,0,1,0,1,9,1
H Klaasen,UT Yadav,2,1,1,0,1,0,1,6,1
H Klaasen,YS Chahal,2,3,1,0,1,0,1,8,1
HH Pandya,A Mishra,3,2,1,0,0,0,0,6,1
HH Pandya,AD Russell,3,1,1,0,0,0,0,5,1
HH Pandya,AJ Tye,4,5,2,0,1,0,0,12,2
HH Pandya,BA Stokes,3,2,2,0,1,0,0,8,1
HH Pandya,Basil Thampi,2,1,2,0,1,0,0,6,1
HH Pandya,C de Grandhomme,3,4,1,0,2,1,0,11,1
HH Pandya,CJ Anderson,3,4,1,0,1,1,0,10,1
HH Pandya,CR Woakes,1,1,1,0,1,1,2,7,1
HH Pandya,DJ Bravo,2,7,2,0,1,1,2,15,1
HH Pandya,DS Kulkarni,2,7,2,0,1,1,2,15,1
HH Pandya,HV Patel,2,7,1,0,1,1,2,14,1
HH Pandya,Imran Tahir,2,3,1,0,1,1,2,10,1
HH Pandya,J Archer,2,6,1,0,1,1,2,13,1
HH Pandya,JD Unadkat,1,4,1,0,1,1,2,10,1
HH Pandya,M Ur Rahman,1,3,1,0,1,1,1,8,1
HH Pandya,M Wood,1,4,1,0,2,1,1,10,1
HH Pandya,MG Johnson,1,5,1,0,2,1,1,11,1
HH Pandya,MP Stoinis,1,2,1,0,2,1,1,8,1
HH Pandya,Mohammed Shami,1,1,1,0,2,1,1,7,1
HH Pandya,Mohammed Siraj,2,7,1,0,1,1,1,13,1
HH Pandya,P Krishna,1,3,1,0,4,1,1,11,1
HH Pandya,PP Chawla,1,1,1,0,4,1,1,9,1
HH Pandya,R Ashwin,1,5,1,0,4,1,1,13,1
HH Pandya,Rashid Khan,9,1,1,0,4,1,1,17,1
HH Pandya,S Kaul,4,2,1,0,4,1,1,13,1
HH Pandya,S Lamichhane,1,3,1,0,1,1,1,8,1
HH Pandya,SN Thakur,1,1,1,0,1,1,1,6,1
HH Pandya,SP Narine,1,5,1,0,1,1,1,10,1
HH Pandya,SR Watson,1,3,1,0,1,1,1,8,1
HH Pandya,T Curran,4,4,1,0,1,1,2,13,1
HH Pandya,TA Boult,1,2,1,0,1,1,2,8,1
HH Pandya,TG Southee,1,2,1,0,1,1,2,8,1
HH Pandya,UT Yadav,1,2,1,0,1,1,2,8,1
HH Pandya,Washington Sundar,1,2,1,0,1,1,1,7,1
HH Pandya,YS Chahal,5,7,1,0,1,1,1,16,1
HV Patel,DJ Bravo,0,3,0,0,0,0,4,7,0
HV Patel,L Ngidi,2,1,0,0,1,0,4,8,0
HV Patel,Rashid Khan,2,6,0,0,1,0,4,13,0
HV Patel,S Kaul,2,2,0,0,1,0,1,6,0
HV Patel,SN Thakur,1,4,0,0,1,0,1,7,0
HV Patel,Sandeep Sharma,1,2,0,0,1,0,1,5,0
HV Patel,Shakib Al Hasan,1,2,0,0,1,0,1,5,0
Harbhajan Singh,AJ Tye,0,3,0,0,0,0,0,3,0
Harbhajan Singh,AR Patel,3,3,0,0,1,0,0,7,0
Harbhajan Singh,AS Rajpoot,7,1,0,0,1,0,1,10,0
Harbhajan Singh,CR Brathwaite,7,1,0,0,1,0,1,10,0
Harbhajan Singh,MJ McClenaghan,1,2,0,0,1,0,1,5,1
Harbhajan Singh,MM Sharma,1,1,0,0,1,0,1,4,1
Harbhajan Singh,Mustafizur Rahman,1,1,1,0,1,0,1,5,1
Harbhajan Singh,R Ashwin,1,1,1,0,1,0,1,5,1
Harbhajan Singh,Rashid Khan,4,1,1,0,1,0,1,8,1
Harbhajan Singh,S Kaul,2,2,1,0,1,0,1,7,1
I Sodhi,Kuldeep Yadav,1,0,0,0,0,0,0,1,0
I Sodhi,P Krishna,3,0,0,0,0,0,0,3,1
I Sodhi,SP Narine,1,1,0,0,0,0,0,2,1
Imran Tahir,HH Pandya,0,1,0,0,0,0,0,1,0
Imran Tahir,MJ McClenaghan,0,1,0,0,0,0,0,1,0
Ishan Kishan,A Mishra,1,0,0,0,0,0,0,1,1
Ishan Kishan,AD Russell,1,3,0,0,1,0,0,5,1
Ishan Kishan,AJ Tye,5,1,1,0,1,0,0,8,1
Ishan Kishan,AR Patel,1,1,1,0,1,0,0,4,1
Ishan Kishan,AS Rajpoot,1,1,1,0,1,0,0,4,1
Ishan Kishan,BA Stokes,4,4,1,0,1,0,1,11,1
Ishan Kishan,DJ Bravo,4,1,1,0,1,0,1,8,1
Ishan Kishan,DL Chahar,4,1,1,0,1,0,1,8,1
Ishan Kishan,DS Kulkarni,8,2,1,0,2,0,1,14,1
Ishan Kishan,DT Christian,2,2,2,0,1,0,1,8,1
Ishan Kishan,GJ Maxwell,2,4,2,0,1,0,1,10,1
Ishan Kishan,HV Patel,2,1,2,0,1,0,1,7,1
Ishan Kishan,Harbhajan Singh,2,3,2,0,1,0,1,9,1
Ishan Kishan,Imran Tahir,1,1,1,0,2,0,1,6,1
Ishan Kishan,J Archer,1,3,1,0,1,0,1,7,1
Ishan Kishan,JD Unadkat,4,2,2,0,1,0,1,10,1
Ishan Kishan,K Gowtham,1,6,2,0,1,0,1,11,1
Ishan Kishan,Kuldeep Yadav,1,1,2,0,1,0,5,10,1
Ishan Kishan,L Plunkett,1,4,2,0,1,0,5,13,1
Ishan Kishan,M Ur Rahman,3,2,2,0,1,0,1,9,1
Ishan Kishan,M Wood,2,3,2,0,1,0,1,9,1
Ishan Kishan,MM Sharma,1,1,2,0,1,0,2,7,1
Ishan Kishan,MP Stoinis,1,1,2,0,1,0,1,6,1
Ishan Kishan,Mohammad Nabi,2,1,2,0,1,0,1,7,1
Ishan Kishan,Mohammed Shami,2,1,2,0,2,0,1,8,1
Ishan Kishan,P Krishna,2,1,2,0,1,0,1,7,1
Ishan Kishan,PP Chawla,2,1,1,0,3,0,1,8,1
Ishan Kishan,R Ashwin,4,1,1,0,3,0,1,10,1
Ishan Kishan,R Tewatia,4,2,1,0,1,0,2,10,1
Ishan Kishan,RA Jadeja,3,2,1,0,2,0,2,10,1
Ishan Kishan,Rashid Khan,3,1,1,0,1,0,2,8,1
Ishan Kishan,S Gopal,1,3,1,0,1,0,1,7,1
Ishan Kishan,S Kaul,2,3,1,0,1,0,1,8,1
Ishan Kishan,S Lamichhane,1,3,1,0,1,0,1,7,1
Ishan Kishan,SP Narine,2,3,1,0,1,0,1,8,1
Ishan Kishan,SR Watson,2,4,1,0,1,0,1,9,1
Ishan Kishan,Sandeep Sharma,1,4,1,0,2,0,1,9,1
Ishan Kishan,TA Boult,5,4,1,0,2,0,1,13,1
Ishan Kishan,TG Southee,1,4,1,0,2,0,1,9,1
Ishan Kishan,UT Yadav,1,4,1,0,2,0,1,9,1
J Archer,AD Russell,2,0,0,0,0,0,0,2,1
J Archer,AJ Tye,1,0,0,0,0,0,0,1,1
J Archer,Basil Thampi,1,1,0,0,0,0,0,2,1
J Archer,HH Pandya,1,1,0,0,0,0,0,2,1
J Archer,JJ Bumrah,3,1,2,0,1,0,0,7,1
J Archer,M Ur Rahman,1,1,2,0,1,0,0,5,1
J Archer,Mustafizur Rahman,1,2,2,0,1,0,0,6,1
J Archer,P Krishna,1,2,1,0,1,0,0,5,1
J Archer,UT Yadav,4,2,1,0,1,0,0,8,1
J Searles,B Laughlin,1,1,0,0,0,0,0,2,1
J Searles,BB Sran,1,1,0,0,0,0,1,3,1
J Searles,J Archer,2,1,0,0,0,0,1,4,1
JC Buttler,A Mishra,2,2,0,0,0,0,1,5,1
JC Buttler,AD Russell,1,2,0,0,0,0,1,4,1
JC Buttler,AJ Tye,2,7,1,0,3,0,1,14,1
JC Buttler,AR Patel,8,10,1,0,2,0,1,22,1
JC Buttler,AS Rajpoot,1,10,1,0,4,0,1,17,1
JC Buttler,Avesh Khan,2,2,1,0,2,0,4,11,1
JC Buttler,B Kumar,2,2,1,0,2,0,4,11,1
JC Buttler,CH Morris,1,1,1,0,1,0,1,5,1
JC Buttler,CR Woakes,1,1,1,0,1,0,1,5,1
JC Buttler,D Willey,4,6,1,0,4,0,1,16,1
JC Buttler,DJ Bravo,3,4,5,0,4,0,1,17,1
JC Buttler,DL Chahar,3,5,1,0,4,0,1,14,1
JC Buttler,HH Pandya,4,3,3,0,3,0,2,15,1
JC Buttler,Harbhajan Singh,3,1,3,0,3,0,1,11,1
JC Buttler,Imran Tahir,1,3,1,0,1,0,1,7,1
JC Buttler,JJ Bumrah,1,4,1,0,2,0,1,9,1
JC Buttler,K Khejroliya,1,1,1,0,2,0,1,6,1
JC Buttler,KH Pandya,6,8,1,0,1,0,1,17,1
JC Buttler,KV Sharma,1,1,1,0,1,0,1,5,1
JC Buttler,Kuldeep Yadav,3,3,1,0,1,0,1,9,1
JC Buttler,L Plunkett,3,2,1,0,1,0,1,8,1
JC Buttler,M Markande,2,5,2,0,1,0,1,11,1
JC Buttler,M Ur Rahman,4,12,2,0,3,0,1,22,2
JC Buttler,MJ McClenaghan,5,5,2,0,2,0,1,15,2
JC Buttler,MM Sharma,1,4,2,0,2,0,1,10,2
JC Buttler,MP Stoinis,3,5,1,0,2,0,1,12,2
JC Buttler,Mohammed Shami,4,2,1,0,2,0,1,10,1
JC Buttler,P Krishna,2,2,1,0,2,0,1,8,1
JC Buttler,P Negi,1,2,1,0,1,0,1,6,1
JC Buttler,PP Chawla,1,2,1,0,1,0,1,6,1
JC Buttler,R Ashwin,4,11,2,1,1,0,1,20,1
JC Buttler,R Tewatia,1,3,2,1,1,0,1,9,1
JC Buttler,RA Jadeja,3,6,2,1,2,0,1,15,1
JC Buttler,Rashid Khan,3,3,2,1,2,0,1,12,2
JC Buttler,S Kaul,1,1,2,1,2,0,1,8,2
JC Buttler,S Mavi,4,5,2,1,4,0,2,18,1
JC Buttler,S Nadeem,4,3,2,1,1,0,1,12,1
JC Buttler,SN Thakur,3,3,1,1,1,0,1,10,1
JC Buttler,SP Narine,2,4,1,1,2,0,1,11,1
JC Buttler,SR Watson,3,5,1,1,1,0,1,12,1
JC Buttler,Shakib Al Hasan,2,3,1,1,1,0,1,9,1
JC Buttler,T Curran,2,3,2,1,1,0,1,10,1
JC Buttler,TA Boult,1,3,2,1,1,0,1,9,1
JC Buttler,UT Yadav,1,1,1,1,1,0,1,6,1
JC Buttler,YK Pathan,1,3,1,1,1,0,1,8,1
JC Buttler,YS Chahal,1,3,1,1,2,0,1,9,1
JD Unadkat,AD Russell,1,2,0,0,0,0,0,3,0
JD Unadkat,AJ Tye,2,4,0,0,0,0,0,6,1
JD Unadkat,AS Rajpoot,2,2,0,0,0,0,0,4,1
JD Unadkat,KV Sharma,1,2,0,0,2,0,0,5,1
JD Unadkat,Kuldeep Yadav,1,2,0,0,2,0,0,5,1
JD Unadkat,P Krishna,1,2,0,0,2,0,0,5,1
JD Unadkat,RA Jadeja,1,2,0,0,2,0,0,5,1
JD Unadkat,S Kaul,1,1,0,0,2,0,0,4,1
JD Unadkat,S Mavi,3,1,0,0,1,0,1,6,1
JD Unadkat,SN Thakur,2,1,0,0,1,0,1,5,1
JD Unadkat,SP Narine,1,1,0,0,2,0,1,5,1
JJ Bumrah,Basil Thampi,1,1,0,0,0,0,0,2,0
JJ Bumrah,HV Patel,1,1,0,0,0,0,0,2,1
JJ Bumrah,S Kaul,1,5,0,0,1,0,0,7,1
JJ Bumrah,Sandeep Sharma,1,1,0,0,1,0,0,3,1
JJ Roy,A Dananjaya,4,5,2,0,1,0,1,13,0
JJ Roy,B Kumar,4,1,2,0,1,0,1,9,0
JJ Roy,CR Woakes,4,2,2,0,1,0,1,10,0
JJ Roy,HH Pandya,1,2,2,0,2,0,2,9,0
JJ Roy,JJ Bumrah,1,4,2,0,2,0,2,11,0
JJ Roy,KH Pandya,2,4,2,0,2,0,1,11,0
JJ Roy,M Markande,2,4,2,0,2,0,1,11,0
JJ Roy,Mustafizur Rahman,5,6,2,0,1,0,1,15,0
JJ Roy,PP Chawla,2,2,2,0,1,0,1,8,0
JJ Roy,Sandeep Sharma,1,2,2,0,1,0,1,7,0
JJ Roy,Shakib Al Hasan,2,1,2,0,1,0,1,7,1
JJ Roy,UT Yadav,8,4,2,0,1,0,1,16,1
JJ Roy,YS Chahal,7,4,2,0,1,0,1,15,2
JP Duminy,C de Grandhomme,1,2,0,0,0,0,0,3,1
JP Duminy,MG Johnson,2,2,1,0,0,0,0,5,1
JP Duminy,Mohammed Siraj,3,3,1,0,1,0,0,8,1
JP Duminy,P Krishna,1,1,1,0,1,0,0,4,1
JP Duminy,SP Narine,1,2,1,0,1,0,1,6,1
JP Duminy,TG Southee,5,1,1,0,1,0,1,9,1
JP Duminy,UT Yadav,1,4,1,0,1,0,1,8,1
JP Duminy,Washington Sundar,1,1,1,0,1,0,1,5,1
JP Duminy,YS Chahal,5,3,1,0,1,1,1,12,1
K Gowtham,AD Russell,0,2,0,0,0,0,0,2,0
K Gowtham,AJ Tye,1,1,0,0,0,0,0,2,0
K Gowtham,AS Rajpoot,1,1,0,0,1,0,0,3,1
K Gowtham,Basil Thampi,1,1,1,0,1,0,0,4,1
K Gowtham,D Willey,1,2,1,0,1,0,2,7,1
K Gowtham,HH Pandya,1,2,1,0,1,0,1,6,1
K Gowtham,JJ Bumrah,1,2,1,0,2,0,1,7,1
K Gowtham,Kuldeep Yadav,1,2,1,0,2,0,1,7,1
K Gowtham,L Plunkett,1,2,1,0,1,0,1,6,1
K Gowtham,M Ur Rahman,1,2,1,0,1,0,1,6,1
K Gowtham,MM Sharma,1,1,1,0,1,0,1,5,1
K Gowtham,MP Stoinis,2,1,1,0,1,0,1,6,1
K Gowtham,Mohammed Shami,2,1,1,0,1,0,1,6,1
K Gowtham,Mustafizur Rahman,2,1,1,0,1,0,1,6,1
K Gowtham,P Krishna,2,1,1,0,1,0,1,6,1
K Gowtham,PP Chawla,1,1,1,0,1,0,1,5,1
K Gowtham,S Kaul,2,1,1,0,1,0,1,6,1
K Gowtham,S Mavi,1,1,1,0,1,0,1,5,1
K Gowtham,SP Narine,1,1,1,1,1,0,1,6,1
K Gowtham,SR Watson,1,1,1,1,1,0,1,6,1
K Gowtham,T Curran,1,1,1,1,1,0,1,6,1
K Gowtham,TA Boult,1,2,1,1,1,0,1,7,1
K Gowtham,TG Southee,2,2,1,1,1,0,2,9,1
KA Pollard,A Mishra,2,1,0,1,0,0,0,4,0
KA Pollard,AR Patel,2,5,1,1,0,0,1,10,0
KA Pollard,AS Rajpoot,2,2,1,1,2,0,1,9,0
KA Pollard,B Stanlake,5,1,1,1,1,0,1,10,1
KA Pollard,BA Stokes,3,1,2,1,1,0,1,9,1
KA Pollard,CJ Anderson,1,1,2,1,1,0,1,7,1
KA Pollard,CR Woakes,1,1,2,1,1,0,1,7,1
KA Pollard,DS Kulkarni,1,1,2,1,1,0,1,7,1
KA Pollard,DT Christian,1,1,2,1,1,0,1,7,1
KA Pollard,J Archer,4,1,1,1,1,0,1,9,1
KA Pollard,JD Unadkat,1,3,1,1,1,0,1,8,1
KA Pollard,L Plunkett,1,1,1,1,1,0,1,6,1
KA Pollard,MP Stoinis,1,4,1,1,3,0,1,11,1
KA Pollard,Mohammed Siraj,2,4,1,1,3,0,1,12,1
KA Pollard,R Ashwin,1,4,1,1,3,0,1,11,1
KA Pollard,Rashid Khan,7,2,1,1,1,0,1,13,1
KA Pollard,S Kaul,1,2,1,1,1,0,1,7,1
KA Pollard,S Lamichhane,1,2,1,1,1,0,1,7,1
KA Pollard,Shakib Al Hasan,3,4,1,1,1,0,2,12,1
KA Pollard,UT Yadav,4,4,1,1,1,1,2,14,1
KA Pollard,YS Chahal,2,1,1,1,1,1,2,9,1
KD Karthik,A Mishra,3,2,0,0,0,0,0,5,1
KD Karthik,AJ Tye,2,8,0,0,0,0,1,11,1
KD Karthik,AR Patel,1,2,1,0,3,0,1,8,1
KD Karthik,AS Rajpoot,1,1,1,0,2,0,1,6,1
KD Karthik,Anureet Singh,1,2,1,0,1,0,1,6,1
KD Karthik,Avesh Khan,1,2,1,0,1,0,1,6,1
KD Karthik,B Kumar,6,4,3,0,1,0,2,16,1
KD Karthik,B Laughlin,2,5,2,0,1,0,1,11,1
KD Karthik,B Stanlake,1,1,2,0,1,0,1,6,1
KD Karthik,BA Stokes,2,3,1,0,1,0,1,8,1
KD Karthik,BB Sran,2,4,1,0,1,0,1,9,2
KD Karthik,CH Morris,1,4,1,0,2,0,1,9,1
KD Karthik,CR Brathwaite,1,4,1,0,1,0,1,8,1
KD Karthik,CR Woakes,1,1,1,0,1,0,1,5,1
KD Karthik,DJ Bravo,1,5,1,0,3,0,1,11,1
KD Karthik,HH Pandya,2,4,1,0,1,0,1,9,1
KD Karthik,Harbhajan Singh,1,4,1,0,1,0,1,8,1
KD Karthik,I Sodhi,9,9,2,0,1,0,1,22,1
KD Karthik,Imran Tahir,5,3,1,0,1,0,1,11,1
KD Karthik,J Archer,3,2,1,0,2,0,1,9,1
KD Karthik,JD Unadkat,5,10,1,0,4,0,2,22,1
KD Karthik,JJ Bumrah,3,2,1,0,4,0,1,11,1
KD Karthik,K Gowtham,3,1,2,0,1,0,1,8,1
KD Karthik,K Khejroliya,2,8,2,0,1,0,1,14,1
KD Karthik,KH Pandya,2,1,2,0,1,0,1,7,1
KD Karthik,KM Asif,2,1,2,0,1,0,1,7,1
KD Karthik,KV Sharma,2,1,1,0,1,0,1,6,1
KD Karthik,L Ngidi,2,3,1,0,1,0,1,8,1
KD Karthik,L Plunkett,1,4,1,0,1,0,1,8,1
KD Karthik,M Markande,2,2,1,0,1,0,1,7,1
KD Karthik,M Ur Rahman,2,4,1,0,2,0,2,11,1
KD Karthik,MJ McClenaghan,1,2,1,0,2,0,2,8,1
KD Karthik,MM Sharma,1,3,1,0,1,0,2,8,1
KD Karthik,Mohammed Shami,2,3,1,0,1,0,2,9,1
KD Karthik,Mohammed Siraj,2,3,3,0,1,0,1,10,1
KD Karthik,R Ashwin,2,4,2,0,2,0,1,11,1
KD Karthik,RA Jadeja,2,1,1,0,1,0,1,6,1
KD Karthik,Rashid Khan,2,11,1,0,2,0,1,17,1
KD Karthik,S Gopal,4,8,2,0,1,0,1,16,1
KD Karthik,S Kaul,4,6,1,0,1,0,1,13,1
KD Karthik,SN Thakur,3,2,1,0,1,0,1,8,1
KD Karthik,SR Watson,3,4,1,0,1,0,1,10,1
KD Karthik,Shakib Al Hasan,2,4,1,0,1,0,1,9,1
KD Karthik,TG Southee,2,1,1,0,1,0,1,6,1
KD Karthik,UT Yadav,1,2,1,0,1,0,1,6,1
KD Karthik,V Shankar,1,3,1,0,1,0,1,7,1
KD Karthik,Washington Sundar,1,4,1,0,1,0,1,8,1
KD Karthik,YS Chahal,4,2,1,0,2,0,1,10,1
KD Karthik,Yuvraj Singh,4,2,1,0,1,0,1,9,1
KH Pandya,AD Russell,2,1,0,0,1,0,0,4,0
KH Pandya,AJ Tye,2,3,0,0,3,0,1,9,0
KH Pandya,AR Patel,2,6,1,0,3,0,1,13,0
KH Pandya,AS Rajpoot,3,3,1,0,3,0,1,11,0
KH Pandya,BA Stokes,3,2,1,0,3,0,1,10,0
KH Pandya,C de Grandhomme,2,2,1,0,3,0,1,9,0
KH Pandya,DJ Bravo,6,4,1,0,3,0,1,15,0
KH Pandya,DT Christian,6,1,1,0,3,0,1,12,0
KH Pandya,Imran Tahir,1,1,1,0,1,0,1,5,0
KH Pandya,J Archer,2,3,1,0,1,0,1,8,1
KH Pandya,JD Unadkat,4,2,1,0,1,0,1,9,1
KH Pandya,M Ur Rahman,4,1,1,0,1,0,1,8,1
KH Pandya,M Wood,1,2,2,0,4,0,2,11,1
KH Pandya,MP Stoinis,2,3,1,0,3,0,3,12,1
KH Pandya,Mohammad Nabi,2,1,1,0,3,0,3,10,1
KH Pandya,Mohammed Shami,2,3,1,0,1,0,3,10,1
KH Pandya,Mohammed Siraj,5,6,1,0,1,0,3,16,1
KH Pandya,P Krishna,1,2,1,0,1,0,3,8,1
KH Pandya,PP Chawla,1,2,1,0,1,0,1,6,1
KH Pandya,R Ashwin,1,2,1,0,1,0,1,6,1
KH Pandya,Rashid Khan,2,2,1,0,1,0,1,7,1
KH Pandya,S Kaul,4,2,1,0,3,0,1,11,1
KH Pandya,S Lamichhane,2,2,1,0,1,0,1,7,1
KH Pandya,SP Narine,2,1,1,0,1,0,1,6,1
KH Pandya,Sandeep Sharma,2,1,1,0,1,0,1,6,1
KH Pandya,Shakib Al Hasan,4,4,2,0,2,0,1,13,1
KH Pandya,TA Boult,4,4,2,0,2,0,1,13,1
KH Pandya,TG Southee,1,3,2,0,2,0,1,9,1
KH Pandya,UT Yadav,1,2,1,0,1,0,1,6,1
KH Pandya,YS Chahal,1,3,1,0,1,0,1,7,1
KK Nair,A Mishra,4,10,4,0,2,0,0,20,0
KK Nair,AD Russell,2,1,4,0,2,0,0,9,1
KK Nair,Anureet Singh,1,1,2,0,2,0,1,7,1
KK Nair,Avesh Khan,1,2,2,0,2,0,1,8,1
KK Nair,B Kumar,1,3,2,0,2,0,1,9,1
KK Nair,BA Stokes,2,2,2,0,2,0,1,9,1
KK Nair,BCJ Cutting,2,1,1,0,1,0,1,6,1
KK Nair,Basil Thampi,2,1,1,0,1,0,1,6,1
KK Nair,CH Morris,1,1,1,0,1,0,1,5,1
KK Nair,CJ Jordan,4,4,1,0,1,0,1,11,1
KK Nair,CR Woakes,4,2,1,0,1,0,1,9,1
KK Nair,DJ Bravo,4,6,1,0,2,0,4,17,2
KK Nair,DT Christian,5,5,1,0,1,0,1,13,1
KK Nair,GJ Maxwell,2,2,1,0,1,0,1,7,1
KK Nair,Imran Tahir,2,2,1,0,1,0,1,7,1
KK Nair,J Archer,2,1,1,0,1,0,1,6,1
KK Nair,J Searles,1,2,1,0,1,0,1,6,1
KK Nair,JD Unadkat,5,2,1,0,1,0,1,10,1
KK Nair,K Gowtham,5,2,1,0,1,0,1,10,1
KK Nair,K Khejroliya,3,3,1,0,1,0,1,9,1
KK Nair,KH Pandya,1,1,1,0,1,0,1,5,1
KK Nair,L Ngidi,1,1,1,0,1,0,1,5,1
KK Nair,L Plunkett,4,2,1,0,1,0,1,9,1
KK Nair,M Markande,1,2,1,0,1,0,1,6,1
KK Nair,MJ McClenaghan,1,1,1,0,1,0,1,5,1
KK Nair,Mohammed Shami,1,1,1,0,3,0,1,7,1
KK Nair,Mohammed Siraj,2,1,1,0,3,0,1,8,1
KK Nair,R Tewatia,2,6,1,0,3,0,1,13,1
KK Nair,RA Jadeja,2,7,1,0,3,0,1,14,1
KK Nair,Rashid Khan,3,4,1,0,3,0,1,12,1
KK Nair,S Gopal,2,4,1,0,3,0,1,11,1
KK Nair,S Kaul,2,5,1,0,2,0,1,11,1
KK Nair,SN Thakur,1,4,1,1,2,0,1,10,1
KK Nair,Shakib Al Hasan,3,4,2,1,2,0,1,13,1
KK Nair,TA Boult,1,1,2,1,2,0,1,8,1
KK Nair,UT Yadav,2,2,2,1,2,0,1,10,1
KK Nair,Washington Sundar,1,4,2,1,2,0,1,11,1
KK Nair,YS Chahal,2,4,1,1,1,0,1,10,1
KL Rahul,A Mishra,1,0,0,0,3,0,2,6,0
KL Rahul,AD Russell,1,6,1,0,2,0,1,11,0
KL Rahul,Anureet Singh,2,2,1,0,2,0,1,8,0
KL Rahul,Avesh Khan,4,2,1,0,1,0,1,9,0
KL Rahul,B Kumar,7,2,1,0,1,0,1,12,0
KL Rahul,BA Stokes,5,7,3,0,2,0,1,18,0
KL Rahul,BCJ Cutting,5,2,3,0,3,0,1,14,0
KL Rahul,Basil Thampi,5,2,3,0,3,0,1,14,0
KL Rahul,CJ Jordan,2,1,3,0,3,0,1,10,0
KL Rahul,CR Woakes,4,2,3,0,1,0,2,12,0
KL Rahul,DJ Hooda,4,1,3,0,1,0,2,11,0
KL Rahul,DL Chahar,8,3,2,0,4,0,2,19,0
KL Rahul,HH Pandya,3,9,1,0,2,0,2,17,0
KL Rahul,Harbhajan Singh,4,2,1,0,2,0,2,11,1
KL Rahul,I Sodhi,6,6,1,0,2,0,2,17,1
KL Rahul,Imran Tahir,6,1,1,0,1,0,2,11,1
KL Rahul,J Archer,6,8,5,0,4,0,3,26,1
KL Rahul,J Searles,6,6,5,0,1,0,1,19,1
KL Rahul,JD Unadkat,6,11,4,0,4,0,2,27,1
KL Rahul,JJ Bumrah,6,8,1,0,4,0,1,20,1
KL Rahul,K Gowtham,11,6,1,0,5,0,1,24,1
KL Rahul,K Khejroliya,1,2,1,0,5,0,1,10,1
KL Rahul,KH Pandya,1,9,1,0,3,0,1,15,1
KL Rahul,Kuldeep Yadav,1,2,1,0,1,0,1,6,1
KL Rahul,L Ngidi,4,2,1,0,1,0,1,9,1
KL Rahul,L Plunkett,1,2,1,0,1,0,1,6,1
KL Rahul,M Lomror,1,4,1,0,1,0,1,8,1
KL Rahul,M Markande,2,8,1,0,2,0,2,15,1
KL Rahul,MJ McClenaghan,10,7,1,0,1,0,2,21,1
KL Rahul,Mohammad Nabi,10,2,1,0,2,0,1,16,1
KL Rahul,Mohammed Shami,10,1,1,0,1,0,1,14,1
KL Rahul,P Krishna,3,3,1,0,1,0,1,9,1
KL Rahul,PP Chawla,3,3,1,0,2,0,1,10,1
KL Rahul,Rashid Khan,4,2,1,0,2,0,1,10,2
KL Rahul,S Gopal,1,5,1,0,1,0,1,9,2
KL Rahul,S Kaul,3,2,1,0,3,0,1,10,2
KL Rahul,S Mavi,3,3,1,0,2,0,1,10,2
KL Rahul,SN Thakur,3,1,1,0,1,0,1,7,2
KL Rahul,SP Narine,6,6,1,0,2,0,5,20,2
KL Rahul,Sandeep Sharma,7,4,1,0,1,0,5,18,2
KL Rahul,TA Boult,4,3,1,0,3,0,1,12,1
KL Rahul,TG Southee,5,1,1,0,3,0,1,11,1
KL Rahul,UT Yadav,7,2,1,0,3,0,2,15,1
KL Rahul,Washington Sundar,1,2,1,0,3,0,2,9,1
KL Rahul,YS Chahal,1,5,2,0,1,0,1,10,1
KM Jadhav,HH Pandya,2,2,0,0,0,0,0,4,0
KM Jadhav,JJ Bumrah,3,2,0,0,0,0,0,5,0
KM Jadhav,M Markande,1,5,0,0,0,0,1,7,0
KM Jadhav,Mustafizur Rahman,3,2,0,0,1,0,1,7,0
KS Williamson,A Mishra,6,9,0,0,1,0,1,17,0
KS Williamson,AD Russell,6,1,0,0,1,0,1,9,0
KS Williamson,AJ Tye,3,3,0,0,1,0,1,8,1
KS Williamson,AS Rajpoot,3,3,0,0,1,0,1,8,1
KS Williamson,Avesh Khan,1,1,1,0,1,0,1,5,1
KS Williamson,B Laughlin,2,3,1,0,1,0,1,8,1
KS Williamson,BA Stokes,2,4,1,0,1,0,1,9,1
KS Williamson,BB Sran,3,4,1,0,1,0,1,10,1
KS Williamson,C de Grandhomme,3,4,1,0,1,0,2,11,1
KS Williamson,D Short,2,1,1,0,1,0,2,7,1
KS Williamson,D Willey,2,1,1,0,1,0,2,7,1
KS Williamson,DJ Bravo,2,6,1,0,5,0,1,15,1
KS Williamson,DL Chahar,15,14,1,1,5,0,2,38,1
KS Williamson,DS Kulkarni,2,1,1,1,1,0,2,8,1
KS Williamson,DT Christian,2,5,1,1,1,0,2,12,1
KS Williamson,GJ Maxwell,1,2,1,1,1,0,2,8,1
KS Williamson,HH Pandya,4,3,1,1,2,0,2,13,1
KS Williamson,HV Patel,3,3,2,1,2,0,2,13,1
KS Williamson,Harbhajan Singh,3,4,2,1,2,0,1,13,1
KS Williamson,I Sodhi,1,5,2,1,2,0,1,12,1
KS Williamson,J Archer,5,2,2,1,1,0,1,12,1
KS Williamson,J Searles,1,2,1,1,1,0,2,8,1
KS Williamson,JD Unadkat,6,3,4,1,4,0,2,20,1
KS Williamson,JJ Bumrah,1,3,4,1,2,0,2,13,1
KS Williamson,K Gowtham,5,3,2,1,2,0,2,15,1
KS Williamson,KV Sharma,1,6,1,1,2,0,3,14,1
KS Williamson,Kuldeep Yadav,7,11,3,1,3,0,1,26,1
KS Williamson,L Ngidi,8,3,3,1,3,0,1,19,1
KS Williamson,L Plunkett,3,13,3,1,4,0,1,25,1
KS Williamson,M Ali,1,8,3,1,2,0,1,16,1
KS Williamson,M Lomror,1,2,3,1,2,0,1,10,1
KS Williamson,M Markande,1,1,3,1,2,0,1,9,1
KS Williamson,M Ur Rahman,3,6,2,1,2,0,1,15,1
KS Williamson,MG Johnson,1,6,2,1,2,0,1,13,1
KS Williamson,MJ McClenaghan,1,2,2,1,2,0,1,9,1
KS Williamson,MM Sharma,1,2,2,1,1,0,1,8,1
KS Williamson,Mohammed Siraj,4,4,2,1,1,0,1,13,1
KS Williamson,Mustafizur Rahman,2,3,2,1,2,0,1,11,1
KS Williamson,PP Chawla,4,8,2,1,2,0,1,18,1
KS Williamson,R Ashwin,4,8,1,1,1,0,2,17,1
KS Williamson,RA Jadeja,4,16,1,1,2,0,1,25,1
KS Williamson,S Gopal,5,5,1,1,1,0,1,14,1
KS Williamson,S Mavi,1,2,1,1,1,0,1,7,1
KS Williamson,S Nadeem,2,3,2,1,1,0,1,10,1
KS Williamson,SN Thakur,12,7,3,1,5,0,1,29,2
KS Williamson,SP Narine,4,7,4,1,5,0,1,22,2
KS Williamson,SR Watson,4,5,1,1,2,0,1,14,2
KS Williamson,TA Boult,2,6,2,1,3,0,1,15,2
KS Williamson,TG Southee,2,8,1,1,4,0,1,17,2
KS Williamson,UT Yadav,5,8,1,1,3,0,2,20,1
KS Williamson,V Shankar,5,1,1,1,3,0,2,13,1
KS Williamson,YS Chahal,7,11,1,1,2,0,1,23,1
Kuldeep Yadav,CR Brathwaite,3,0,0,0,0,0,0,3,0
Kuldeep Yadav,GJ Maxwell,1,0,1,0,1,0,0,3,0
Kuldeep Yadav,KH Pandya,3,2,1,0,1,0,0,7,1
Kuldeep Yadav,M Markande,2,2,1,0,1,0,0,6,1
Kuldeep Yadav,MJ McClenaghan,5,2,1,0,1,0,0,9,1
Kuldeep Yadav,TA Boult,2,2,1,0,1,0,0,6,1
L Plunkett,BB Sran,1,0,0,0,0,0,0,1,1
L Plunkett,JD Unadkat,1,1,0,0,0,0,0,2,1
M Ali,Basil Thampi,0,4,0,0,1,0,2,7,0
M Ali,Rashid Khan,3,6,1,0,2,0,1,13,1
M Ali,S Gopal,1,1,1,0,2,0,1,6,1
M Ali,S Kaul,5,2,1,0,1,0,1,10,1
M Ali,S Lamichhane,1,1,1,0,1,0,1,5,1
M Ali,Sandeep Sharma,2,4,1,0,1,0,2,10,1
M Ali,Shakib Al Hasan,2,3,1,0,1,0,2,9,1
M Ali,TA Boult,1,3,1,0,1,0,2,8,1
M Ashwin,Harbhajan Singh,1,0,0,0,0,0,0,1,1
M Ashwin,RA Jadeja,1,1,0,0,0,0,0,2,1
M Lomror,AJ Tye,0,2,0,0,1,0,0,3,0
M Lomror,MM Sharma,4,1,1,0,1,0,0,7,0
M Lomror,Rashid Khan,1,2,1,0,1,0,0,5,0
M Lomror,S Kaul,1,2,1,0,1,0,0,5,1
M Lomror,Sandeep Sharma,2,1,1,0,1,0,0,5,1
M Markande,A Mishra,1,0,0,0,0,0,0,1,0
M Markande,AJ Tye,1,1,0,0,0,0,0,2,0
M Markande,J Archer,1,1,0,0,0,0,0,2,0
M Markande,L Plunkett,1,1,0,0,0,0,0,2,0
M Markande,MM Sharma,1,3,0,0,1,0,0,5,0
M Markande,S Kaul,1,3,0,0,1,0,0,5,1
M Markande,S Lamichhane,3,1,1,0,1,0,0,6,1
M Markande,TA Boult,2,3,2,0,1,0,0,8,1
M Ur Rahman,Basil Thampi,0,1,0,0,0,0,0,1,0
M Ur Rahman,CR Woakes,1,1,0,0,0,0,0,2,1
M Ur Rahman,Rashid Khan,1,1,0,0,2,0,0,4,1
M Ur Rahman,S Kaul,1,2,0,0,2,0,0,5,1
M Ur Rahman,YS Chahal,1,2,0,0,2,0,0,5,1
M Vijay,AJ Tye,1,0,0,0,0,0,0,1,1
M Vijay,BB Sran,2,4,1,0,0,0,1,8,1
M Vijay,MM Sharma,2,2,1,0,0,0,1,6,1
M Vohra,AD Russell,1,1,0,0,0,0,0,2,1
M Vohra,B Kumar,1,1,0,0,0,0,0,2,1
M Vohra,GJ Maxwell,3,1,1,0,0,0,0,5,1
M Vohra,JJ Bumrah,1,2,1,0,0,0,0,4,1
M Vohra,JP Duminy,5,1,1,0,2,0,3,12,1
M Vohra,KH Pandya,3,3,2,0,2,0,3,13,1
M Vohra,M Markande,2,3,2,0,2,0,1,10,1
M Vohra,MJ McClenaghan,2,1,2,0,2,0,1,8,1
M Vohra,Rashid Khan,2,2,2,0,2,0,1,9,1
M Vohra,S Kaul,2,2,2,0,2,0,1,9,1
M Vohra,Sandeep Sharma,3,2,1,0,2,0,1,9,1
M Vohra,TA Boult,1,2,1,0,2,0,1,7,1
M Wood,HH Pandya,2,2,0,0,0,0,0,4,1
M Wood,JJ Bumrah,2,1,0,0,0,0,0,3,1
MA Agarwal,AD Russell,1,0,0,0,0,0,0,1,1
MA Agarwal,Avesh Khan,1,3,1,0,1,0,0,6,1
MA Agarwal,BA Stokes,1,1,1,0,1,0,0,4,1
MA Agarwal,BCJ Cutting,1,3,1,0,1,0,1,7,1
MA Agarwal,Basil Thampi,1,2,1,0,1,0,1,6,1
MA Agarwal,C de Grandhomme,3,1,1,0,1,0,1,7,1
MA Agarwal,CH Morris,1,1,1,0,1,0,1,5,1
MA Agarwal,DJ Bravo,1,5,1,0,1,0,1,9,1
MA Agarwal,DJ Hooda,1,2,1,0,1,0,1,6,1
MA Agarwal,DT Christian,1,2,1,0,1,0,1,6,1
MA Agarwal,HH Pandya,1,2,1,0,1,0,1,6,1
MA Agarwal,Harbhajan Singh,1,2,1,0,1,0,1,6,1
MA Agarwal,Imran Tahir,1,1,1,0,1,0,1,5,1
MA Agarwal,J Archer,1,1,1,0,1,0,1,5,1
MA Agarwal,JJ Bumrah,1,2,1,0,1,0,1,6,1
MA Agarwal,K Khejroliya,2,2,1,0,1,0,1,7,1
MA Agarwal,L Plunkett,3,1,1,0,1,0,1,7,1
MA Agarwal,Mohammed Shami,2,1,1,0,1,0,1,6,1
MA Agarwal,Mohammed Siraj,2,1,1,0,1,0,1,6,1
MA Agarwal,Rashid Khan,2,3,1,0,1,0,1,8,1
MA Agarwal,S Kaul,2,2,1,0,1,0,1,7,1
MA Agarwal,S Mavi,2,1,1,0,1,0,1,6,1
MA Agarwal,SP Narine,2,1,1,0,1,0,1,6,1
MA Agarwal,SR Watson,1,4,1,0,1,0,1,8,1
MA Agarwal,Shakib Al Hasan,2,3,1,0,1,0,1,8,1
MA Agarwal,TA Boult,1,1,1,0,2,0,1,6,1
MA Agarwal,UT Yadav,3,1,1,0,2,0,1,8,1
MA Agarwal,YS Chahal,1,1,1,0,2,0,1,6,1
MG Johnson,Avesh Khan,0,1,0,0,0,0,0,1,0
MG Johnson,B Kumar,1,1,2,0,0,0,0,4,0
MG Johnson,GJ Maxwell,1,2,2,0,0,0,0,5,0
MG Johnson,S Kaul,1,1,2,0,0,0,0,4,0
MG Johnson,TA Boult,1,1,2,0,2,0,0,6,0
MJ McClenaghan,AJ Tye,2,0,0,0,1,0,0,3,0
MJ McClenaghan,Basil Thampi,1,0,0,0,1,0,0,2,0
MJ McClenaghan,CJ Anderson,1,0,1,0,1,0,0,3,0
MJ McClenaghan,J Archer,1,0,1,0,1,0,0,3,1
MJ McClenaghan,MM Sharma,1,2,1,0,1,0,0,5,1
MJ McClenaghan,R Ashwin,1,2,1,0,1,0,1,6,1
MJ McClenaghan,S Kaul,1,2,1,0,1,0,1,6,1
MK Pandey,A Mishra,0,2,0,0,0,0,0,2,0
MK Pandey,AD Russell,4,1,0,0,2,0,0,7,0
MK Pandey,AJ Tye,7,12,3,0,1,0,0,23,0
MK Pandey,AS Rajpoot,6,2,1,0,1,0,0,10,1
MK Pandey,Avesh Khan,1,1,1,0,1,0,0,4,1
MK Pandey,BA Stokes,2,1,1,0,1,0,0,5,1
MK Pandey,BB Sran,4,4,1,0,1,0,0,10,1
MK Pandey,C de Grandhomme,4,3,1,0,2,0,1,11,1
MK Pandey,DJ Bravo,1,3,1,0,2,0,1,8,1
MK Pandey,DL Chahar,3,2,1,0,2,0,1,9,1
MK Pandey,DT Christian,3,1,1,0,2,0,1,8,1
MK Pandey,HH Pandya,2,1,1,0,2,0,1,7,1
MK Pandey,I Sodhi,1,2,1,0,2,0,1,7,1
MK Pandey,J Archer,1,2,1,0,2,0,1,7,1
MK Pandey,J Searles,1,1,1,0,2,0,1,6,1
MK Pandey,JD Unadkat,1,1,1,0,2,0,1,6,1
MK Pandey,JJ Bumrah,1,2,1,0,1,0,1,6,1
MK Pandey,K Gowtham,1,1,2,0,1,0,1,6,1
MK Pandey,KH Pandya,1,2,1,0,1,0,1,6,1
MK Pandey,Kuldeep Yadav,2,5,1,0,1,0,1,10,1
MK Pandey,L Ngidi,1,5,1,0,1,0,1,9,1
MK Pandey,L Plunkett,3,4,1,0,1,0,1,10,1
MK Pandey,M Ali,1,2,1,0,1,0,1,6,1
MK Pandey,M Markande,1,1,1,0,1,0,1,5,1
MK Pandey,M Ur Rahman,4,15,4,0,1,0,1,25,1
MK Pandey,MJ McClenaghan,3,15,1,0,2,0,1,22,1
MK Pandey,MK Tiwary,3,2,1,0,2,0,1,9,1
MK Pandey,MM Sharma,3,2,4,0,2,0,1,12,1
MK Pandey,Mohammed Siraj,3,5,1,0,1,0,1,11,1
MK Pandey,P Krishna,2,4,1,0,1,0,1,9,1
MK Pandey,PP Chawla,2,2,1,0,1,0,1,7,1
MK Pandey,R Ashwin,4,12,4,0,1,0,1,22,1
MK Pandey,RA Jadeja,4,4,4,0,1,0,1,14,1
MK Pandey,SN Thakur,3,2,1,0,1,0,1,8,1
MK Pandey,SP Narine,6,4,1,0,1,0,1,13,1
MK Pandey,TA Boult,6,2,1,0,1,0,1,11,1
MK Pandey,TG Southee,4,5,1,0,3,0,1,14,1
MK Pandey,UT Yadav,1,2,1,0,3,0,1,8,1
MK Pandey,YS Chahal,4,4,2,0,1,0,1,12,1
MK Tiwary,BA Stokes,2,1,0,0,0,0,0,3,1
MK Tiwary,DJ Bravo,2,2,0,0,1,0,0,5,1
MK Tiwary,DL Chahar,1,4,0,0,1,0,0,6,1
MK Tiwary,Harbhajan Singh,1,2,0,0,1,0,1,5,1
MK Tiwary,I Sodhi,1,2,1,0,1,0,1,6,1
MK Tiwary,L Ngidi,4,3,1,0,1,0,1,10,1
MK Tiwary,M Lomror,4,2,1,0,1,0,1,9,1
MK Tiwary,MJ McClenaghan,4,2,1,0,1,0,1,9,1
MK Tiwary,RA Jadeja,1,2,1,0,1,0,1,6,1
MK Tiwary,Rashid Khan,2,2,1,0,1,0,1,7,1
MK Tiwary,SN Thakur,4,3,1,1,1,0,1,11,1
MK Tiwary,Sandeep Sharma,2,3,1,1,1,0,1,9,1
MK Tiwary,Shakib Al Hasan,2,1,1,1,1,0,1,7,1
MM Sharma,CR Woakes,0,2,0,0,0,0,0,2,0
MM Sharma,L Ngidi,1,1,0,0,0,0,0,2,0
MM Sharma,M Ali,2,2,0,0,0,0,0,4,1
MM Sharma,P Krishna,2,2,0,0,1,0,0,5,1
MM Sharma,SN Thakur,2,1,0,0,1,0,0,4,1
MM Sharma,UT Yadav,2,1,0,0,1,0,0,4,1
MM Sharma,YS Chahal,2,1,0,0,1,0,0,4,1
MP Stoinis,Anureet Singh,1,1,0,0,0,0,0,2,0
MP Stoinis,BA Stokes,1,2,0,0,0,0,0,3,0
MP Stoinis,BCJ Cutting,1,2,0,0,0,0,0,3,0
MP Stoinis,CH Morris,2,2,0,0,0,0,0,4,0
MP Stoinis,DT Christian,2,1,1,0,0,0,0,4,0
MP Stoinis,HH Pandya,2,2,1,0,2,0,2,9,0
MP Stoinis,I Sodhi,2,2,1,0,2,0,2,9,0
MP Stoinis,J Archer,2,4,2,0,1,0,2,11,0
MP Stoinis,JD Unadkat,6,5,1,0,1,0,2,15,1
MP Stoinis,JJ Bumrah,4,5,1,0,1,0,2,13,1
MP Stoinis,K Gowtham,1,5,1,0,1,0,2,10,1
MP Stoinis,K Khejroliya,1,2,1,0,1,0,2,7,1
MP Stoinis,Mohammed Siraj,1,1,1,0,1,0,2,6,1
MP Stoinis,R Tewatia,1,1,1,1,1,0,2,7,1
MP Stoinis,S Gopal,2,1,1,1,1,0,1,7,1
MP Stoinis,TA Boult,2,2,1,1,1,0,1,8,1
MP Stoinis,Washington Sundar,3,2,1,1,1,0,1,9,1
MP Stoinis,YS Chahal,1,1,1,1,1,0,1,6,1
MS Dhoni,A Mishra,5,6,1,0,0,0,1,13,0
MS Dhoni,AJ Tye,1,7,1,0,2,0,2,13,0
MS Dhoni,Avesh Khan,2,4,1,0,2,0,1,10,0
MS Dhoni,B Kumar,5,2,1,0,1,0,1,10,0
MS Dhoni,B Stanlake,5,1,1,0,1,0,1,9,0
MS Dhoni,BA Stokes,1,2,1,0,1,0,1,6,0
MS Dhoni,BB Sran,1,1,1,0,1,0,1,5,0
MS Dhoni,C de Grandhomme,1,5,1,0,1,0,1,9,0
MS Dhoni,CJ Anderson,1,7,1,0,1,0,3,13,0
MS Dhoni,CR Brathwaite,2,3,1,0,1,0,3,10,0
MS Dhoni,GJ Maxwell,2,1,1,0,1,0,3,8,0
MS Dhoni,HH Pandya,2,2,1,0,2,0,3,10,0
MS Dhoni,HV Patel,2,1,1,0,2,0,3,9,0
MS Dhoni,I Sodhi,1,2,1,1,2,0,3,10,0
MS Dhoni,J Archer,1,5,2,1,1,0,3,13,0
MS Dhoni,JD Unadkat,1,5,1,1,1,0,1,10,0
MS Dhoni,JJ Bumrah,4,4,1,1,1,0,1,12,0
MS Dhoni,KH Pandya,2,3,1,1,1,0,1,9,0
MS Dhoni,Kuldeep Yadav,3,10,1,1,1,0,2,18,0
MS Dhoni,L Plunkett,3,2,1,1,1,0,2,10,0
MS Dhoni,M Ashwin,9,3,1,1,1,0,2,17,0
MS Dhoni,M Markande,2,5,1,1,1,0,1,11,1
MS Dhoni,M Ur Rahman,3,4,1,1,1,0,1,11,1
MS Dhoni,MG Johnson,2,2,1,1,1,0,2,9,1
MS Dhoni,MJ McClenaghan,1,2,1,1,1,0,2,8,1
MS Dhoni,MM Sharma,3,5,1,1,3,0,3,16,1
MS Dhoni,Mohammed Siraj,1,8,2,1,1,0,1,14,1
MS Dhoni,P Negi,3,2,2,1,1,0,3,12,1
MS Dhoni,PP Chawla,3,5,2,1,1,0,3,15,1
MS Dhoni,R Ashwin,2,9,1,1,1,0,1,15,1
MS Dhoni,Rashid Khan,5,5,1,1,1,0,1,14,1
MS Dhoni,S Gopal,1,5,1,1,1,0,1,10,1
MS Dhoni,S Kaul,4,5,1,1,3,0,1,15,1
MS Dhoni,S Lamichhane,1,5,1,1,3,0,1,12,1
MS Dhoni,S Mavi,2,2,1,1,3,0,1,10,1
MS Dhoni,SP Narine,6,10,1,1,3,0,1,22,1
MS Dhoni,STR Binny,6,1,1,1,1,0,1,11,1
MS Dhoni,Sandeep Sharma,6,3,1,1,1,0,1,13,1
MS Dhoni,Shakib Al Hasan,6,2,1,1,1,0,1,12,1
MS Dhoni,T Curran,6,2,1,1,1,0,1,12,1
MS Dhoni,TA Boult,4,1,1,1,2,0,3,12,1
MS Dhoni,YS Chahal,2,8,2,1,2,0,3,18,1
MS Dhoni,Yuvraj Singh,2,3,2,1,1,0,3,12,1
Mandeep Singh,A Mishra,3,3,1,0,0,0,0,7,0
Mandeep Singh,AD Russell,3,6,1,0,0,0,0,10,1
Mandeep Singh,AJ Tye,3,6,2,0,0,0,0,11,1
Mandeep Singh,AR Patel,3,3,2,0,0,0,0,8,1
Mandeep Singh,B Kumar,3,3,1,0,0,0,0,7,1
Mandeep Singh,B Laughlin,1,2,3,0,4,0,0,10,1
Mandeep Singh,BA Stokes,1,1,3,0,4,0,0,9,1
Mandeep Singh,CH Morris,1,3,3,0,1,0,1,9,1
Mandeep Singh,DJ Bravo,2,1,1,0,1,0,1,6,1
Mandeep Singh,HH Pandya,3,1,1,0,1,0,1,7,1
Mandeep Singh,Harbhajan Singh,4,2,1,0,1,0,1,9,1
Mandeep Singh,I Sodhi,4,1,1,0,1,0,1,8,1
Mandeep Singh,Imran Tahir,4,3,1,0,1,0,1,10,1
Mandeep Singh,J Dala,4,3,1,0,1,0,1,10,1
Mandeep Singh,JD Unadkat,1,2,1,0,2,0,1,7,1
Mandeep Singh,JJ Bumrah,1,2,1,0,2,0,1,7,1
Mandeep Singh,K Gowtham,1,2,1,0,2,0,1,7,1
Mandeep Singh,KH Pandya,1,4,2,0,2,0,1,10,1
Mandeep Singh,Kuldeep Yadav,3,2,2,0,2,0,1,10,1
Mandeep Singh,M Markande,3,5,2,0,2,0,1,13,1
Mandeep Singh,M Ur Rahman,3,2,2,0,1,0,1,9,1
Mandeep Singh,MG Johnson,3,5,2,0,1,0,1,12,1
Mandeep Singh,MJ McClenaghan,3,2,2,0,1,0,1,9,1
Mandeep Singh,MM Sharma,1,3,2,0,1,0,1,8,1
Mandeep Singh,Mustafizur Rahman,1,1,2,0,1,0,1,6,1
Mandeep Singh,N Rana,1,1,2,0,1,0,1,6,1
Mandeep Singh,R Ashwin,1,1,2,0,1,0,1,6,1
Mandeep Singh,R Vinay Kumar,2,1,2,0,1,0,2,8,1
Mandeep Singh,RA Jadeja,4,4,1,0,2,0,1,12,1
Mandeep Singh,Rashid Khan,4,1,1,0,2,0,1,9,1
Mandeep Singh,S Gopal,3,3,1,0,2,0,1,10,1
Mandeep Singh,S Kaul,1,5,1,0,2,0,1,10,1
Mandeep Singh,SN Thakur,1,3,1,0,2,0,2,9,1
Mandeep Singh,SP Narine,1,3,1,0,2,0,2,9,1
Mandeep Singh,Sandeep Sharma,4,2,1,0,1,0,2,10,1
Mandeep Singh,Shakib Al Hasan,4,4,2,0,1,0,2,13,1
Mandeep Singh,TA Boult,1,3,1,0,1,0,2,8,1
Mohammad Nabi,AS Rajpoot,1,0,0,0,1,0,0,2,1
Mohammad Nabi,HH Pandya,1,2,0,0,1,0,0,4,1
Mohammad Nabi,KH Pandya,1,2,0,0,1,0,0,4,1
Mohammad Nabi,M Markande,1,2,0,0,1,0,0,4,1
Mohammed Shami,Kuldeep Yadav,1,1,0,0,1,0,0,3,0
Mohammed Shami,SP Narine,1,2,0,0,1,0,0,4,1
Mohammed Siraj,B Laughlin,2,1,0,0,1,0,0,4,0
Mohammed Siraj,DJ Bravo,2,3,0,0,1,0,0,6,1
Mohammed Siraj,J Archer,1,4,0,0,1,0,0,6,1
Mohammed Siraj,JD Unadkat,1,2,0,0,1,0,0,4,1
Mohammed Siraj,L Ngidi,2,1,0,0,1,0,0,4,1
Mohammed Siraj,Mustafizur Rahman,2,2,0,0,1,0,1,6,1
Mohammed Siraj,SN Thakur,1,2,0,0,1,0,1,5,1
Mustafizur Rahman,Basil Thampi,2,1,0,0,0,0,0,3,1
N Rana,Avesh Khan,2,1,0,0,1,0,0,4,1
N Rana,B Kumar,2,3,0,0,1,0,0,6,1
N Rana,B Laughlin,2,6,1,0,1,0,0,10,1
N Rana,B Stanlake,6,1,1,0,1,0,0,9,1
N Rana,BA Stokes,2,8,1,0,1,0,0,12,1
N Rana,BCJ Cutting,1,2,1,0,1,0,0,5,1
N Rana,CH Morris,4,3,1,0,2,0,2,12,1
N Rana,CR Brathwaite,1,1,1,0,1,0,2,6,1
N Rana,HH Pandya,11,3,1,0,3,0,2,20,2
N Rana,Harbhajan Singh,1,2,1,0,1,0,2,7,2
N Rana,I Sodhi,3,1,1,0,1,0,2,8,1
N Rana,J Archer,7,1,2,0,1,0,2,13,1
N Rana,JD Unadkat,1,3,2,0,1,0,1,8,1
N Rana,JJ Bumrah,4,3,2,0,1,0,1,11,1
N Rana,K Ahmed,4,3,2,0,1,0,2,12,1
N Rana,K Gowtham,4,6,2,0,1,0,1,14,1
N Rana,K Khejroliya,1,5,2,0,1,0,1,10,1
N Rana,KH Pandya,1,3,2,0,1,0,1,8,1
N Rana,L Plunkett,1,2,2,0,1,0,1,7,1
N Rana,M Ashwin,1,2,1,0,1,0,1,6,1
N Rana,M Markande,3,7,1,0,1,0,1,13,1
N Rana,M Ur Rahman,2,1,1,0,1,0,1,6,1
N Rana,MJ McClenaghan,1,1,1,0,1,0,1,5,1
N Rana,MM Sharma,1,2,1,0,1,0,1,6,1
N Rana,Mohammed Shami,1,5,1,0,1,0,1,9,1
N Rana,Mohammed Siraj,1,5,1,0,1,0,1,9,1
N Rana,R Ashwin,1,2,1,0,1,0,1,6,1
N Rana,R Tewatia,4,1,1,0,1,0,1,8,1
N Rana,RA Jadeja,1,1,1,0,1,0,1,5,1
N Rana,Rashid Khan,5,1,1,0,1,0,1,9,1
N Rana,S Gopal,5,3,1,0,1,0,1,11,1
N Rana,S Kaul,1,3,1,0,1,0,1,7,1
N Rana,S Nadeem,1,2,1,0,1,0,1,6,1
N Rana,SN Thakur,3,1,1,0,1,0,1,7,1
N Rana,SR Watson,1,1,1,0,1,0,1,5,1
N Rana,Shakib Al Hasan,1,2,1,0,1,0,1,6,1
N Rana,TA Boult,1,3,1,0,1,0,1,7,1
N Rana,TG Southee,2,2,1,0,1,0,1,7,1
N Rana,UT Yadav,4,5,1,0,1,0,1,12,1
N Rana,V Shankar,2,1,1,0,1,0,1,6,1
N Rana,Washington Sundar,2,1,1,0,1,0,1,6,1
N Rana,YS Chahal,2,4,1,0,1,0,1,9,1
NV Ojha,Rashid Khan,1,0,0,0,0,0,0,1,1
NV Ojha,S Kaul,1,2,0,0,0,0,0,3,1
P Chopra,DJ Bravo,2,0,0,0,1,0,0,3,0
P Chopra,SN Thakur,2,0,0,0,1,0,0,3,1
P Krishna,M Markande,4,1,0,0,0,0,0,5,0
P Negi,B Laughlin,1,0,0,0,0,0,0,1,1
P Negi,DJ Bravo,1,0,0,0,0,0,0,1,1
P Negi,K Gowtham,1,2,0,0,0,0,0,3,1
P Negi,S Gopal,1,1,0,0,0,0,0,2,1
P Shaw,AD Russell,2,3,0,0,2,0,0,7,0
P Shaw,AS Rajpoot,3,1,0,0,1,0,0,5,1
P Shaw,B Kumar,8,3,1,0,1,0,0,13,1
P Shaw,BA Stokes,1,4,1,0,1,0,0,7,1
P Shaw,BB Sran,1,4,1,1,3,0,0,10,1
P Shaw,DL Chahar,8,3,1,1,1,0,1,15,1
P Shaw,DS Kulkarni,5,1,1,1,1,0,2,11,1
P Shaw,HH Pandya,1,1,1,1,1,0,2,7,1
P Shaw,J Archer,2,1,1,1,1,0,2,8,1
P Shaw,JD Unadkat,2,1,1,1,2,0,1,8,1
P Shaw,JJ Bumrah,1,1,1,1,1,0,1,6,1
P Shaw,K Gowtham,1,1,1,1,1,0,1,6,1
P Shaw,KH Pandya,1,2,1,1,1,0,1,7,1
P Shaw,KM Asif,2,1,1,1,2,0,1,8,1
P Shaw,Kuldeep Yadav,2,3,1,1,2,0,1,10,1
P Shaw,L Ngidi,1,2,1,1,2,0,1,8,1
P Shaw,MG Johnson,3,4,1,1,2,0,2,13,1
P Shaw,PP Chawla,6,2,1,1,2,0,2,14,1
P Shaw,RA Jadeja,1,1,2,1,2,0,2,9,1
P Shaw,Rashid Khan,1,3,2,1,1,0,2,10,1
P Shaw,S Gopal,1,1,2,1,1,0,1,7,1
P Shaw,S Kaul,1,1,2,1,3,0,1,9,1
P Shaw,S Mavi,4,2,2,1,1,0,1,11,1
P Shaw,SP Narine,4,4,1,1,1,0,1,12,1
P Shaw,Sandeep Sharma,1,7,2,1,2,0,1,14,1
P Shaw,Shakib Al Hasan,4,5,2,1,1,0,1,14,1
P Shaw,YS Chahal,2,2,2,1,1,0,1,9,1
PA Patel,AJ Tye,3,4,1,0,3,0,0,11,0
PA Patel,AS Rajpoot,1,4,1,0,3,0,0,9,0
PA Patel,B Kumar,3,1,1,0,2,0,0,7,0
PA Patel,B Laughlin,1,1,1,0,1,0,0,4,0
PA Patel,D Willey,2,3,1,0,1,0,1,8,0
PA Patel,Harbhajan Singh,1,5,1,0,2,0,1,10,0
PA Patel,I Sodhi,1,1,1,0,2,0,1,6,0
PA Patel,J Archer,2,1,1,0,2,0,2,8,0
PA Patel,JD Unadkat,1,1,1,0,2,0,2,7,0
PA Patel,K Gowtham,1,3,1,0,2,0,2,9,0
PA Patel,L Ngidi,9,2,1,0,3,0,1,16,0
PA Patel,MM Sharma,9,1,1,0,3,0,1,15,0
PA Patel,MP Stoinis,9,2,1,0,3,0,1,16,0
PA Patel,R Ashwin,9,2,1,0,1,0,1,14,0
PA Patel,RA Jadeja,2,7,1,0,1,0,1,12,1
PA Patel,S Gopal,1,3,1,0,1,0,1,7,1
PA Patel,S Lamichhane,3,1,1,0,2,0,1,8,1
PA Patel,SN Thakur,3,1,1,0,2,0,1,8,1
PA Patel,Sandeep Sharma,4,2,1,0,2,0,1,10,1
PA Patel,Shakib Al Hasan,2,2,1,0,2,0,1,8,1
PA Patel,TA Boult,1,1,1,0,2,0,1,6,1
PJ Sangwan,Rashid Khan,3,1,0,0,0,0,0,4,0
PJ Sangwan,Sandeep Sharma,1,1,0,0,0,0,0,2,1
PP Chawla,AJ Tye,0,3,0,0,0,0,0,3,0
PP Chawla,Avesh Khan,0,1,0,0,0,0,0,1,0
PP Chawla,B Kumar,0,3,0,0,0,0,0,3,0
PP Chawla,BCJ Cutting,3,2,0,0,1,0,0,6,1
PP Chawla,GJ Maxwell,1,2,0,0,1,0,0,4,1
PP Chawla,JJ Bumrah,3,3,1,0,1,0,0,8,1
PP Chawla,K Ahmed,1,2,1,0,1,0,1,6,1
PP Chawla,L Plunkett,1,1,1,0,1,0,1,5,1
PP Chawla,R Tewatia,3,1,1,0,1,0,1,7,1
PP Chawla,Rashid Khan,2,1,1,0,1,0,1,6,1
PP Chawla,S Kaul,2,2,1,0,1,0,1,7,1
Q de Kock,AJ Tye,0,1,0,0,0,0,0,1,0
Q de Kock,AR Patel,2,3,1,0,2,0,0,8,0
Q de Kock,BA Stokes,2,1,1,0,2,0,0,6,0
Q de Kock,D Short,1,2,1,0,2,0,0,6,1
Q de Kock,DJ Bravo,3,1,1,0,2,0,1,8,1
Q de Kock,DL Chahar,1,2,1,0,2,0,1,7,1
Q de Kock,DS Kulkarni,1,1,1,0,2,0,1,6,1
Q de Kock,GJ Maxwell,3,3,1,0,2,0,1,10,1
Q de Kock,Harbhajan Singh,3,1,1,0,2,0,1,8,1
Q de Kock,Imran Tahir,2,2,1,0,2,0,1,8,1
Q de Kock,JD Unadkat,1,1,1,0,1,0,1,5,1
Q de Kock,JJ Bumrah,3,3,1,0,1,0,1,9,1
Q de Kock,JP Duminy,3,1,1,0,1,0,1,7,1
Q de Kock,K Gowtham,2,2,1,0,3,0,1,9,1
Q de Kock,KH Pandya,2,1,1,0,1,0,1,6,1
Q de Kock,Kuldeep Yadav,1,2,1,0,1,0,1,6,1
Q de Kock,M Ur Rahman,5,3,1,0,1,0,1,11,1
Q de Kock,MG Johnson,1,1,1,0,1,0,1,5,1
Q de Kock,MJ McClenaghan,9,4,1,0,1,0,1,16,2
Q de Kock,MM Sharma,9,1,1,0,1,0,1,13,2
Q de Kock,Mustafizur Rahman,9,2,1,0,1,0,1,14,2
Q de Kock,PP Chawla,6,3,1,0,1,0,1,12,1
Q de Kock,R Ashwin,7,3,1,0,3,0,1,15,1
Q de Kock,RA Jadeja,1,2,1,0,3,0,1,8,1
Q de Kock,S Gopal,1,2,1,0,3,0,1,8,1
Q de Kock,S Mavi,1,2,1,0,3,0,1,8,1
Q de Kock,S Nadeem,1,1,1,0,3,0,1,7,1
Q de Kock,SN Thakur,1,2,1,0,3,0,1,8,1
Q de Kock,SP Narine,6,2,1,0,3,0,1,13,1
Q de Kock,SR Watson,2,3,2,0,1,0,1,9,1
Q de Kock,TA Boult,3,4,2,0,1,0,1,11,1
R Ashwin,AD Russell,1,1,0,0,1,0,2,5,0
R Ashwin,CR Woakes,1,2,0,0,1,0,2,6,0
R Ashwin,DJ Bravo,1,2,0,0,1,0,2,6,0
R Ashwin,DT Christian,1,1,0,0,1,0,2,5,0
R Ashwin,Imran Tahir,2,2,0,0,1,0,2,7,0
R Ashwin,J Searles,1,1,0,0,1,0,1,4,0
R Ashwin,K Gowtham,2,1,0,0,1,0,1,5,1
R Ashwin,K Khejroliya,2,2,0,0,2,0,1,7,1
R Ashwin,Kuldeep Yadav,1,1,0,0,2,0,1,5,1
R Ashwin,L Ngidi,1,1,0,0,2,0,1,5,1
R Ashwin,L Plunkett,1,5,1,0,2,0,1,10,1
R Ashwin,M Ali,1,5,1,0,2,0,1,10,1
R Ashwin,P Krishna,1,2,1,0,2,0,1,7,1
R Ashwin,PP Chawla,1,3,1,0,1,0,1,7,1
R Ashwin,Rashid Khan,1,3,1,0,1,0,1,7,1
R Ashwin,S Kaul,1,1,1,0,1,0,1,5,1
R Ashwin,SN Thakur,1,2,1,0,1,0,1,6,1
R Ashwin,SP Narine,1,1,1,0,2,0,1,6,1
R Ashwin,Sandeep Sharma,1,1,1,0,2,0,1,6,1
R Ashwin,Shakib Al Hasan,1,2,1,0,2,0,1,7,1
R Ashwin,TA Boult,1,1,1,0,2,0,1,6,1
R Ashwin,UT Yadav,1,2,1,0,2,0,1,7,1
R Ashwin,Washington Sundar,2,4,1,0,2,0,1,10,1
R Ashwin,YS Chahal,1,1,1,0,2,0,1,6,1
R Bhui,DL Chahar,5,0,0,0,0,0,0,5,1
R Singh,CR Woakes,3,1,0,0,1,0,0,5,1
R Singh,HH Pandya,3,1,0,0,1,0,0,5,1
R Singh,Harbhajan Singh,5,2,0,0,2,0,0,9,1
R Singh,JJ Bumrah,1,2,0,0,1,0,0,4,1
R Singh,RA Jadeja,4,5,1,0,1,1,0,12,1
R Singh,SN Thakur,2,1,1,0,1,1,0,6,1
R Singh,SR Watson,2,1,1,0,1,1,0,6,1
R Singh,Washington Sundar,2,2,1,0,1,1,0,7,1
R Tewatia,AJ Tye,3,8,0,0,0,0,0,11,1
R Tewatia,BB Sran,1,5,2,0,1,0,1,10,1
R Tewatia,CJ Anderson,1,1,2,0,1,0,1,6,1
R Tewatia,CR Woakes,2,1,2,0,2,0,1,8,1
R Tewatia,DJ Bravo,2,1,2,0,2,0,1,8,1
R Tewatia,Kuldeep Yadav,2,1,2,0,2,0,1,8,1
R Tewatia,L Ngidi,1,3,2,0,2,0,1,9,1
R Tewatia,M Ur Rahman,2,1,1,0,1,0,1,6,1
R Tewatia,Mohammed Siraj,2,1,1,0,1,0,1,6,1
R Tewatia,R Ashwin,2,3,1,0,1,0,1,8,1
R Tewatia,T Curran,1,3,1,0,1,0,1,7,1
R Vinay Kumar,K Khejroliya,0,3,0,0,1,0,0,4,0
RA Jadeja,A Mishra,0,1,0,0,0,0,0,1,0
RA Jadeja,AD Russell,1,1,0,0,0,0,0,2,0
RA Jadeja,AJ Tye,1,1,0,0,1,0,0,3,1
RA Jadeja,B Laughlin,1,1,1,0,1,0,0,4,1
RA Jadeja,BB Sran,4,2,3,0,1,0,0,10,1
RA Jadeja,HH Pandya,1,1,1,0,1,0,0,4,1
RA Jadeja,HV Patel,2,4,1,0,1,0,1,9,1
RA Jadeja,Kuldeep Yadav,2,3,1,0,1,0,1,8,1
RA Jadeja,M Markande,3,3,1,0,1,0,1,9,1
RA Jadeja,MM Sharma,3,1,1,0,1,0,1,7,1
RA Jadeja,Mustafizur Rahman,1,2,1,0,1,0,1,6,1
RA Jadeja,PP Chawla,1,1,1,0,2,0,1,6,1
RA Jadeja,R Ashwin,1,1,1,0,2,0,1,6,1
RA Jadeja,R Vinay Kumar,1,2,1,0,2,0,1,7,1
RA Jadeja,Rashid Khan,1,1,1,0,2,0,1,6,1
RA Jadeja,S Lamichhane,1,2,1,0,2,0,1,7,1
RA Jadeja,S Mavi,1,2,1,0,2,0,1,7,1
RA Jadeja,SP Narine,2,3,1,0,2,0,1,9,1
RA Jadeja,Sandeep Sharma,2,3,1,0,2,0,1,9,1
RA Jadeja,T Curran,2,2,1,0,2,0,1,8,1
RA Jadeja,TA Boult,2,5,1,0,2,0,1,11,1
RA Jadeja,UT Yadav,1,2,1,0,2,0,1,7,1
RA Jadeja,YS Chahal,1,2,1,0,2,0,1,7,1
RA Tripathi,AD Russell,3,1,1,0,0,0,0,5,1
RA Tripathi,AJ Tye,1,1,1,0,0,0,0,3,1
RA Tripathi,AR Patel,1,2,1,0,0,0,0,4,1
RA Tripathi,AS Rajpoot,1,2,1,0,1,0,0,5,1
RA Tripathi,B Stanlake,2,2,1,0,1,0,0,6,1
RA Tripathi,C de Grandhomme,2,6,3,0,1,0,1,13,1
RA Tripathi,CH Morris,2,1,3,0,1,0,1,8,1
RA Tripathi,CR Woakes,2,1,3,0,1,0,1,8,1
RA Tripathi,DJ Bravo,1,4,1,0,1,0,1,8,1
RA Tripathi,GJ Maxwell,1,1,1,0,1,0,1,5,1
RA Tripathi,Imran Tahir,1,1,1,0,1,0,1,5,1
RA Tripathi,JJ Bumrah,1,2,1,0,1,0,1,6,1
RA Tripathi,KH Pandya,1,2,1,0,1,0,1,6,1
RA Tripathi,Kuldeep Yadav,2,1,1,0,1,0,1,6,1
RA Tripathi,L Plunkett,2,1,1,0,1,0,1,6,1
RA Tripathi,M Ali,5,1,1,0,1,0,2,10,1
RA Tripathi,M Ur Rahman,2,1,1,0,1,0,2,7,1
RA Tripathi,MJ McClenaghan,1,2,1,0,1,0,2,7,1
RA Tripathi,Mohammed Shami,1,2,1,0,1,0,2,7,1
RA Tripathi,Mohammed Siraj,2,6,1,0,1,0,2,12,1
RA Tripathi,N Rana,2,2,1,0,1,0,2,8,1
RA Tripathi,P Krishna,1,2,1,0,3,0,1,8,1
RA Tripathi,PP Chawla,2,1,1,0,1,0,1,6,1
RA Tripathi,R Ashwin,4,1,1,0,1,0,1,8,1
RA Tripathi,R Tewatia,1,1,2,0,1,0,1,6,1
RA Tripathi,Rashid Khan,1,2,2,0,2,0,1,8,1
RA Tripathi,S Kaul,1,3,2,0,2,0,1,9,1
RA Tripathi,S Mavi,2,2,2,0,2,0,1,9,1
RA Tripathi,S Nadeem,1,1,2,0,2,0,1,7,1
RA Tripathi,SP Narine,4,3,2,0,2,0,2,13,1
RA Tripathi,Sandeep Sharma,2,3,2,0,2,0,2,11,1
RA Tripathi,Shakib Al Hasan,2,4,1,0,2,0,2,11,1
RA Tripathi,T Curran,2,2,1,0,2,0,2,9,1
RA Tripathi,TA Boult,1,2,1,0,2,0,2,8,1
RA Tripathi,TG Southee,1,7,2,0,2,0,2,14,1
RA Tripathi,UT Yadav,1,3,2,0,3,0,1,10,1
RA Tripathi,YS Chahal,10,3,3,0,3,0,1,20,1
RG Sharma,A Mishra,0,2,0,0,0,0,0,2,0
RG Sharma,AD Russell,1,6,0,0,0,0,0,7,0
RG Sharma,AJ Tye,1,5,0,0,0,0,0,6,0
RG Sharma,AR Patel,1,3,0,0,0,0,0,4,0
RG Sharma,AS Rajpoot,2,3,0,0,0,0,0,5,1
RG Sharma,B Stanlake,4,3,0,0,1,0,1,9,1
RG Sharma,CJ Anderson,7,4,1,0,7,0,1,20,1
RG Sharma,CR Woakes,1,2,1,0,1,0,1,6,1
RG Sharma,DJ Bravo,1,7,1,0,1,0,1,11,1
RG Sharma,DL Chahar,5,1,1,0,1,0,1,9,1
RG Sharma,DT Christian,5,2,1,0,1,0,1,10,1
RG Sharma,GJ Maxwell,5,1,1,0,1,0,1,9,1
RG Sharma,HV Patel,2,1,1,0,1,0,1,6,1
RG Sharma,Harbhajan Singh,2,3,1,0,1,0,1,8,1
RG Sharma,Imran Tahir,2,3,1,0,1,0,1,8,1
RG Sharma,J Archer,1,3,1,0,1,0,1,7,1
RG Sharma,JD Unadkat,1,3,1,0,1,0,1,7,1
RG Sharma,Kuldeep Yadav,2,3,1,0,1,0,1,8,1
RG Sharma,M Ur Rahman,4,2,1,0,1,0,2,10,1
RG Sharma,MP Stoinis,4,1,1,0,1,0,2,9,1
RG Sharma,Mohammed Shami,1,1,1,0,1,0,2,6,1
RG Sharma,Mohammed Siraj,1,3,1,0,1,0,1,7,1
RG Sharma,P Krishna,1,2,1,0,2,0,1,7,1
RG Sharma,PP Chawla,4,4,1,0,1,0,1,11,1
RG Sharma,R Ashwin,1,3,1,0,1,0,1,7,1
RG Sharma,R Tewatia,3,3,1,0,1,0,1,9,1
RG Sharma,S Lamichhane,3,2,1,0,1,0,1,8,1
RG Sharma,SN Thakur,2,1,1,0,4,0,1,9,1
RG Sharma,SP Narine,5,4,2,0,4,0,1,16,1
RG Sharma,SR Watson,12,4,2,0,1,0,3,22,1
RG Sharma,Sandeep Sharma,7,1,1,0,1,0,3,13,1
RG Sharma,Shakib Al Hasan,1,1,1,0,1,0,3,7,1
RG Sharma,T Curran,1,2,1,0,1,0,3,8,1
RG Sharma,TA Boult,1,3,1,0,1,0,3,9,1
RG Sharma,UT Yadav,4,6,2,0,1,0,2,15,1
RG Sharma,Washington Sundar,2,3,2,0,1,0,1,9,1
RG Sharma,YS Chahal,1,3,2,0,1,0,1,8,1
RR Pant,A Dananjaya,0,4,0,0,1,0,2,7,0
RR Pant,AD Russell,3,4,0,0,2,0,2,11,1
RR Pant,AJ Tye,1,3,0,0,2,0,1,7,1
RR Pant,B Kumar,1,4,3,0,4,0,4,16,1
RR Pant,B Laughlin,1,1,2,0,4,0,4,12,1
RR Pant,BA Stokes,2,3,1,0,2,0,1,9,1
RR Pant,BCJ Cutting,2,5,1,0,1,0,1,10,1
RR Pant,C de Grandhomme,2,2,1,0,1,0,1,7,1
RR Pant,CJ Anderson,2,2,1,0,1,0,1,7,1
RR Pant,CR Woakes,4,1,1,0,5,0,1,12,1
RR Pant,DJ Bravo,4,6,2,0,2,0,1,15,1
RR Pant,DL Chahar,4,1,2,0,2,0,1,10,1
RR Pant,DS Kulkarni,2,6,2,0,2,0,1,13,1
RR Pant,HH Pandya,3,5,2,0,1,0,2,13,1
RR Pant,Harbhajan Singh,7,11,1,0,2,0,3,24,1
RR Pant,J Archer,1,11,1,0,2,0,1,16,1
RR Pant,JD Unadkat,4,3,1,0,2,1,1,12,2
RR Pant,JJ Bumrah,4,5,1,0,2,1,1,14,2
RR Pant,K Gowtham,2,2,1,0,4,1,1,11,2
RR Pant,KH Pandya,5,1,1,0,1,1,1,10,2
RR Pant,KM Asif,5,1,1,0,2,1,1,11,2
RR Pant,Kuldeep Yadav,1,1,1,0,2,1,1,7,1
RR Pant,L Ngidi,3,1,1,0,1,1,1,8,2
RR Pant,M Ali,4,6,1,0,1,1,1,14,1
RR Pant,M Markande,3,7,1,0,6,1,1,19,1
RR Pant,M Ur Rahman,2,7,1,0,1,1,1,13,2
RR Pant,MM Sharma,1,1,1,0,1,1,1,6,2
RR Pant,Mohammed Siraj,5,8,1,0,1,1,5,21,2
RR Pant,Mustafizur Rahman,3,3,2,0,1,1,1,11,2
RR Pant,PP Chawla,1,2,2,0,1,1,1,8,2
RR Pant,R Ashwin,1,6,2,0,1,1,1,12,2
RR Pant,RA Jadeja,1,11,2,0,1,1,1,17,2
RR Pant,Rashid Khan,6,10,2,0,4,1,1,24,1
RR Pant,S Gopal,3,10,2,0,4,1,1,21,1
RR Pant,S Kaul,5,10,1,0,6,1,1,24,1
RR Pant,S Mavi,2,4,1,0,1,1,1,10,1
RR Pant,SN Thakur,4,4,1,0,1,1,1,12,1
RR Pant,SP Narine,1,2,1,0,2,1,1,8,1
RR Pant,SR Watson,1,2,1,0,1,1,1,7,1
RR Pant,Sandeep Sharma,7,4,1,0,1,1,1,15,1
RR Pant,Shakib Al Hasan,3,7,1,0,1,1,1,14,1
RR Pant,T Curran,1,1,1,0,1,1,1,6,1
RR Pant,TG Southee,4,2,1,0,1,1,1,10,1
RR Pant,UT Yadav,1,3,1,0,2,1,1,9,1
RR Pant,Washington Sundar,3,8,1,0,1,1,1,15,1
RR Pant,YS Chahal,2,4,1,0,2,1,3,13,1
RV Uthappa,AJ Tye,4,3,1,0,1,0,0,9,1
RV Uthappa,AR Patel,4,4,1,0,1,0,0,10,1
RV Uthappa,AS Rajpoot,3,1,1,0,1,0,0,6,1
RV Uthappa,B Kumar,11,5,1,0,1,0,0,18,1
RV Uthappa,B Laughlin,1,3,1,0,1,0,0,6,1
RV Uthappa,B Stanlake,1,1,1,0,1,0,0,4,1
RV Uthappa,BA Stokes,4,5,1,0,1,0,0,11,1
RV Uthappa,BB Sran,4,2,1,0,1,0,1,9,1
RV Uthappa,BCJ Cutting,3,1,1,0,5,0,1,11,1
RV Uthappa,CR Brathwaite,1,2,1,0,5,0,1,10,1
RV Uthappa,DS Kulkarni,1,1,1,0,5,0,1,9,1
RV Uthappa,GJ Maxwell,1,1,1,0,5,0,1,9,1
RV Uthappa,HH Pandya,5,2,1,0,5,0,1,14,1
RV Uthappa,Harbhajan Singh,2,1,1,0,5,0,1,10,1
RV Uthappa,Imran Tahir,2,1,1,0,5,0,1,10,1
RV Uthappa,J Archer,4,5,1,0,5,0,1,16,1
RV Uthappa,JD Unadkat,2,1,1,0,3,0,1,8,1
RV Uthappa,JJ Bumrah,2,2,1,0,3,0,1,9,1
RV Uthappa,K Gowtham,9,3,1,0,2,0,1,16,2
RV Uthappa,K Khejroliya,1,2,1,0,2,0,1,7,2
RV Uthappa,KH Pandya,9,2,1,0,1,0,2,15,1
RV Uthappa,KM Asif,2,1,1,0,1,0,2,7,1
RV Uthappa,L Ngidi,2,1,1,0,1,0,2,7,1
RV Uthappa,M Ashwin,4,3,1,0,2,0,1,11,1
RV Uthappa,M Markande,5,1,1,0,2,0,2,11,2
RV Uthappa,M Ur Rahman,1,2,1,0,3,0,2,9,2
RV Uthappa,MJ McClenaghan,2,1,1,0,3,0,2,9,2
RV Uthappa,Mohammed Siraj,2,1,1,0,1,0,2,7,2
RV Uthappa,R Ashwin,5,7,1,0,1,0,1,15,1
RV Uthappa,R Tewatia,5,2,1,0,1,0,1,10,1
RV Uthappa,RA Jadeja,1,1,1,0,1,0,2,6,1
RV Uthappa,Rashid Khan,3,7,1,0,1,0,1,13,1
RV Uthappa,S Gopal,2,2,1,0,1,0,2,8,1
RV Uthappa,S Kaul,2,2,1,0,1,0,2,8,1
RV Uthappa,S Nadeem,3,3,1,0,1,0,2,10,1
RV Uthappa,SR Watson,6,2,1,0,2,0,2,13,1
RV Uthappa,Sandeep Sharma,1,1,1,0,2,0,2,7,1
RV Uthappa,Shakib Al Hasan,2,5,1,0,1,0,1,10,1
RV Uthappa,TA Boult,4,2,1,0,1,0,1,9,1
RV Uthappa,UT Yadav,4,3,1,0,1,0,1,10,1
RV Uthappa,Washington Sundar,1,3,1,0,1,0,1,7,1
RV Uthappa,YS Chahal,1,2,1,0,1,0,1,6,1
Rashid Khan,DJ Bravo,0,1,0,0,1,0,1,3,0
Rashid Khan,J Archer,1,1,0,0,1,0,1,4,1
Rashid Khan,JD Unadkat,1,1,0,0,1,0,1,4,1
Rashid Khan,JJ Bumrah,2,1,0,0,1,0,1,5,2
Rashid Khan,KH Pandya,2,2,1,0,1,0,1,7,2
Rashid Khan,M Markande,3,1,1,0,1,0,1,7,2
Rashid Khan,Mohammed Siraj,3,1,1,0,1,0,1,7,2
Rashid Khan,P Krishna,1,1,1,0,2,0,2,7,1
Rashid Khan,S Mavi,3,1,1,0,2,0,2,9,1
Rashid Khan,SN Thakur,3,1,1,0,2,0,1,8,1
Rashid Khan,TG Southee,1,1,1,0,2,0,1,6,1
S Dhawan,A Mishra,2,12,0,0,3,0,0,17,1
S Dhawan,AD Russell,4,2,0,0,3,0,0,9,1
S Dhawan,AS Rajpoot,1,1,0,0,1,0,0,3,1
S Dhawan,Avesh Khan,1,2,0,0,1,0,1,5,1
S Dhawan,B Laughlin,2,3,1,0,2,0,1,9,1
S Dhawan,BA Stokes,4,3,1,0,4,0,1,13,1
S Dhawan,BB Sran,3,1,1,0,1,0,1,7,1
S Dhawan,BCJ Cutting,3,2,1,0,1,0,1,8,1
S Dhawan,D Short,4,2,1,0,2,0,1,10,1
S Dhawan,D Willey,3,2,1,0,4,0,1,11,1
S Dhawan,DJ Bravo,6,4,1,0,2,0,1,14,1
S Dhawan,DL Chahar,7,13,1,0,1,0,1,23,1
S Dhawan,DS Kulkarni,11,2,1,0,3,0,1,18,1
S Dhawan,DT Christian,2,4,1,0,3,0,1,11,1
S Dhawan,GJ Maxwell,1,3,1,0,1,0,1,7,1
S Dhawan,HV Patel,4,5,1,0,3,0,1,14,1
S Dhawan,Harbhajan Singh,4,6,1,0,1,0,1,13,1
S Dhawan,J Searles,4,2,1,1,1,0,1,10,1
S Dhawan,JD Unadkat,1,2,1,1,1,0,1,7,1
S Dhawan,JJ Bumrah,3,4,1,1,4,0,1,14,1
S Dhawan,K Gowtham,2,2,1,1,2,0,1,9,1
S Dhawan,KH Pandya,1,2,1,1,2,0,1,8,1
S Dhawan,KV Sharma,1,3,1,1,1,0,1,8,1
S Dhawan,Kuldeep Yadav,4,7,1,1,1,0,1,15,1
S Dhawan,L Ngidi,1,1,1,1,1,0,1,6,1
S Dhawan,L Plunkett,1,8,1,1,1,0,1,13,1
S Dhawan,M Ali,1,2,1,1,1,0,1,7,1
S Dhawan,M Markande,3,2,1,1,1,0,1,9,1
S Dhawan,MJ McClenaghan,2,2,1,1,1,1,1,9,1
S Dhawan,Mohammed Siraj,3,3,1,1,1,1,1,11,1
S Dhawan,Mustafizur Rahman,1,1,1,1,1,1,1,7,1
S Dhawan,N Rana,4,1,1,1,1,1,1,10,1
S Dhawan,P Krishna,3,3,1,1,2,1,1,12,1
S Dhawan,PJ Sangwan,3,2,1,1,2,1,1,11,1
S Dhawan,PP Chawla,1,5,2,1,3,1,1,14,1
S Dhawan,RA Jadeja,3,3,1,1,1,1,2,12,1
S Dhawan,S Gopal,1,5,1,1,1,1,2,12,1
S Dhawan,S Mavi,2,5,1,1,1,1,2,13,1
S Dhawan,S Nadeem,2,3,1,1,1,1,2,11,1
S Dhawan,SN Thakur,4,3,1,1,1,1,1,12,1
S Dhawan,SP Narine,5,10,1,1,1,1,1,20,1
S Dhawan,SR Watson,1,3,1,1,1,1,1,9,1
S Dhawan,TA Boult,4,8,1,1,2,1,1,18,1
S Dhawan,TG Southee,4,4,1,1,2,1,1,14,1
S Dhawan,UT Yadav,7,5,1,1,1,1,1,17,1
S Dhawan,V Shankar,1,3,1,1,1,1,1,9,1
S Dhawan,YS Chahal,1,2,1,1,1,1,1,8,1
S Gill,A Mishra,1,6,2,0,2,0,0,11,0
S Gill,AJ Tye,1,4,2,0,1,0,0,8,0
S Gill,AS Rajpoot,1,2,1,0,1,0,0,5,0
S Gill,Avesh Khan,3,2,1,0,1,0,0,7,0
S Gill,B Kumar,3,2,1,0,1,0,0,7,1
S Gill,B Laughlin,1,1,1,0,1,0,0,4,1
S Gill,B Stanlake,2,1,1,0,1,0,0,5,1
S Gill,BB Sran,2,4,1,0,3,0,0,10,1
S Gill,CH Morris,2,1,1,0,1,0,0,5,1
S Gill,CR Brathwaite,1,1,1,0,1,0,0,4,1
S Gill,DJ Bravo,2,2,1,0,1,0,0,6,1
S Gill,HH Pandya,1,2,1,0,1,0,0,5,1
S Gill,Harbhajan Singh,4,2,1,0,1,0,0,8,1
S Gill,I Sodhi,1,3,1,0,1,0,0,6,1
S Gill,J Archer,1,3,1,0,1,0,0,6,1
S Gill,JJ Bumrah,1,1,1,0,1,0,0,4,1
S Gill,K Ahmed,1,2,1,0,1,0,0,5,1
S Gill,KM Asif,1,1,1,0,1,0,2,6,1
S Gill,KV Sharma,1,2,1,0,1,0,2,7,1
S Gill,L Ngidi,1,3,1,0,1,0,2,8,1
S Gill,L Plunkett,2,3,1,0,1,0,2,9,1
S Gill,MJ McClenaghan,2,2,1,0,1,0,2,8,1
S Gill,Mohammed Siraj,2,1,1,0,1,0,2,7,1
S Gill,R Tewatia,1,1,1,0,1,0,2,6,1
S Gill,RA Jadeja,1,4,2,0,1,0,2,10,1
S Gill,Rashid Khan,1,5,2,0,1,0,2,11,1
S Gill,S Gopal,1,4,2,0,1,0,1,9,1
S Gill,S Kaul,1,4,1,0,1,0,1,8,1
S Gill,SR Watson,3,4,1,0,3,0,1,12,1
S Gill,Shakib Al Hasan,1,2,1,0,3,0,1,8,1
S Gill,TA Boult,1,3,1,0,1,0,1,7,1
S Gill,UT Yadav,1,3,1,0,1,0,1,7,1
S Gill,V Shankar,1,2,1,0,1,0,1,6,1
S Gopal,AJ Tye,1,4,0,0,1,0,0,6,0
S Gopal,AR Patel,1,2,1,0,1,0,0,5,0
S Gopal,AS Rajpoot,1,2,1,0,2,0,0,6,0
S Gopal,B Kumar,3,5,1,0,1,0,0,10,1
S Gopal,KV Sharma,3,3,1,0,1,0,0,8,1
S Gopal,RA Jadeja,1,2,1,0,1,0,0,5,1
S Gopal,Rashid Khan,3,3,1,0,1,0,0,8,1
S Gopal,S Kaul,1,1,1,0,1,0,0,4,1
S Gopal,SN Thakur,1,1,1,0,1,0,0,4,1
S Gopal,SR Watson,2,1,1,0,1,0,0,5,1
S Gopal,T Curran,1,1,1,0,1,0,0,4,1
S Kaul,JJ Bumrah,1,0,0,0,0,0,0,1,0
S Kaul,M Markande,4,0,1,0,0,0,0,5,0
S Kaul,Mustafizur Rahman,7,0,1,0,0,0,0,8,2
S Kaul,TG Southee,7,1,1,0,0,0,0,9,2
S Mavi,A Mishra,3,0,0,0,0,0,0,3,1
S Mavi,B Kumar,1,1,0,0,0,0,0,2,1
S Mavi,CR Brathwaite,1,1,0,0,1,0,0,3,1
S Mavi,Rashid Khan,1,1,1,0,1,0,0,4,1
S Mavi,S Kaul,2,3,1,0,1,0,0,7,1
S Nadeem,Kuldeep Yadav,1,3,0,0,0,0,0,4,0
S Nadeem,SP Narine,1,3,0,0,0,0,0,4,0
SK Raina,A Mishra,1,3,0,0,0,0,0,4,0
SK Raina,AD Russell,1,4,0,0,2,0,0,7,0
SK Raina,AJ Tye,6,10,1,0,4,0,2,23,0
SK Raina,AR Patel,1,7,2,0,4,0,2,16,0
SK Raina,AS Rajpoot,1,1,2,0,4,0,2,10,0
SK Raina,B Kumar,4,8,1,0,1,0,2,16,0
SK Raina,B Laughlin,4,5,1,0,1,0,2,13,0
SK Raina,B Stanlake,5,2,1,0,1,0,2,11,0
SK Raina,BA Stokes,3,5,1,0,5,0,2,16,0
SK Raina,BCJ Cutting,3,1,1,0,1,0,2,8,0
SK Raina,CR Brathwaite,1,3,1,0,1,0,2,8,1
SK Raina,DJ Hooda,1,2,1,0,1,0,2,7,1
SK Raina,GJ Maxwell,5,3,1,0,1,0,2,12,1
SK Raina,HH Pandya,2,5,1,0,1,0,1,10,1
SK Raina,HV Patel,2,2,1,0,1,0,1,7,1
SK Raina,I Sodhi,3,6,1,0,1,0,1,12,1
SK Raina,J Archer,1,8,1,0,2,0,1,13,1
SK Raina,JD Unadkat,3,4,1,1,2,0,1,12,1
SK Raina,JJ Bumrah,2,4,1,1,2,0,1,11,1
SK Raina,K Gowtham,2,7,1,1,3,0,1,15,1
SK Raina,KH Pandya,4,5,2,1,1,0,1,14,1
SK Raina,Kuldeep Yadav,5,8,1,1,1,0,1,17,1
SK Raina,M Markande,2,4,1,1,1,0,1,10,1
SK Raina,MJ McClenaghan,5,5,1,1,1,0,1,14,1
SK Raina,MM Sharma,3,5,1,1,1,0,1,12,1
SK Raina,Mohammed Siraj,3,3,1,1,1,0,1,10,1
SK Raina,PP Chawla,2,1,1,1,2,0,1,8,1
SK Raina,R Ashwin,3,7,1,1,2,0,1,15,1
SK Raina,Rashid Khan,2,8,1,1,3,0,2,17,1
SK Raina,S Gopal,5,3,1,1,2,0,2,14,1
SK Raina,S Kaul,7,7,1,1,4,0,2,22,1
SK Raina,S Lamichhane,1,3,1,1,4,0,2,12,1
SK Raina,S Mavi,1,3,1,1,4,0,2,12,1
SK Raina,SP Narine,2,6,1,1,4,0,2,16,1
SK Raina,Sandeep Sharma,3,3,1,1,3,0,2,13,1
SK Raina,Shakib Al Hasan,3,9,1,1,3,0,1,18,1
SK Raina,T Curran,1,9,1,1,3,0,1,16,1
SK Raina,TG Southee,1,2,1,1,3,0,1,9,1
SK Raina,UT Yadav,10,1,1,1,2,0,1,16,2
SK Raina,V Shankar,10,1,1,1,2,0,1,16,2
SK Raina,Washington Sundar,10,1,1,1,2,0,1,16,2
SK Raina,YS Chahal,1,2,1,1,1,0,1,7,2
SN Khan,AD Russell,0,2,0,0,0,0,0,2,0
SN Khan,B Laughlin,1,2,0,0,0,0,0,3,1
SN Khan,Basil Thampi,1,1,0,0,1,0,1,4,1
SN Khan,HV Patel,3,2,0,0,2,0,1,8,1
SN Khan,I Sodhi,1,1,0,0,2,0,1,5,1
SN Khan,JD Unadkat,1,1,0,0,1,0,1,4,1
SN Khan,JJ Bumrah,1,1,0,0,1,0,1,4,1
SN Khan,KH Pandya,2,1,0,0,1,0,1,5,1
SN Khan,M Markande,1,1,0,0,1,0,1,4,1
SN Khan,MG Johnson,3,1,1,0,1,0,1,7,1
SN Khan,N Rana,1,1,1,0,1,0,1,5,1
SN Khan,R Ashwin,1,1,1,0,1,0,1,5,1
SN Khan,S Gopal,1,1,1,0,1,0,1,5,1
SN Khan,S Kaul,1,2,1,0,2,0,1,7,1
SN Khan,SP Narine,1,2,1,0,2,0,1,7,1
SN Khan,TA Boult,1,3,1,0,2,0,1,8,1
SN Thakur,S Kaul,0,1,1,0,3,0,0,5,0
SP Goswami,AD Russell,2,2,0,0,3,0,1,8,0
SP Goswami,DL Chahar,2,4,1,0,3,0,1,11,0
SP Goswami,J Searles,1,2,1,0,3,0,1,8,0
SP Goswami,Kuldeep Yadav,1,2,1,0,1,0,1,6,1
SP Goswami,L Ngidi,3,4,1,0,2,0,1,11,2
SP Goswami,P Krishna,3,2,1,0,2,0,1,9,2
SP Goswami,PP Chawla,2,1,1,0,1,0,1,6,2
SP Goswami,SP Narine,2,3,1,0,1,0,1,8,2
SP Narine,AJ Tye,2,1,0,0,2,0,0,5,1
SP Narine,AR Patel,1,5,0,0,1,0,1,8,1
SP Narine,AS Rajpoot,1,2,0,0,1,0,1,5,1
SP Narine,B Kumar,1,3,0,0,3,0,1,8,1
SP Narine,B Laughlin,1,1,0,0,3,0,1,6,1
SP Narine,B Stanlake,2,1,0,0,3,0,1,7,1
SP Narine,BA Stokes,2,1,0,0,1,0,1,5,1
SP Narine,BB Sran,4,1,0,0,3,0,2,10,1
SP Narine,CH Morris,4,1,0,0,3,0,2,10,1
SP Narine,CR Woakes,3,1,0,0,2,0,2,8,1
SP Narine,DL Chahar,1,1,0,0,2,0,2,6,1
SP Narine,DS Kulkarni,5,1,1,0,4,0,2,13,1
SP Narine,GJ Maxwell,5,1,1,0,1,0,1,9,1
SP Narine,HH Pandya,1,1,1,0,1,0,1,5,1
SP Narine,Harbhajan Singh,1,1,1,0,1,0,1,5,1
SP Narine,K Ahmed,1,2,1,0,1,0,1,6,1
SP Narine,K Gowtham,3,3,1,0,3,0,2,12,1
SP Narine,KH Pandya,1,3,1,0,1,0,2,8,1
SP Narine,KM Asif,8,3,1,0,1,0,1,14,1
SP Narine,L Ngidi,1,1,1,0,2,0,1,6,1
SP Narine,M Ashwin,1,1,1,0,2,0,1,6,1
SP Narine,M Ur Rahman,4,1,1,1,2,0,1,10,1
SP Narine,MJ McClenaghan,1,1,1,1,1,0,1,6,1
SP Narine,MM Sharma,2,1,1,1,1,0,1,7,1
SP Narine,Mohammed Siraj,2,3,1,1,1,0,1,9,1
SP Narine,R Ashwin,2,3,1,1,3,0,1,11,1
SP Narine,RA Jadeja,2,3,1,1,3,0,1,11,1
SP Narine,S Gopal,3,1,1,1,3,0,1,10,1
SP Narine,S Kaul,2,1,1,1,3,0,1,9,1
SP Narine,SR Watson,2,2,1,1,1,0,1,8,1
SP Narine,Sandeep Sharma,2,2,1,1,3,0,1,10,1
SP Narine,Shakib Al Hasan,3,2,1,1,2,0,1,10,2
SP Narine,TA Boult,5,1,1,1,2,0,2,12,2
SP Narine,TG Southee,4,4,1,1,2,0,2,14,2
SP Narine,UT Yadav,4,2,1,1,1,0,1,10,1
SP Narine,Washington Sundar,1,4,1,1,1,0,2,10,1
SP Narine,YS Chahal,1,2,1,1,1,0,1,7,1
SR Watson,A Mishra,4,7,0,0,0,0,0,11,2
SR Watson,AD Russell,1,4,0,0,0,0,0,5,2
SR Watson,Ankit Sharma,1,1,0,0,1,0,0,3,2
SR Watson,Avesh Khan,2,2,0,0,1,0,1,6,2
SR Watson,B Kumar,21,7,0,0,1,0,2,31,2
SR Watson,B Laughlin,1,6,0,0,1,0,1,9,1
SR Watson,B Stanlake,5,1,0,0,1,0,1,8,1
SR Watson,BA Stokes,3,6,1,0,1,0,1,12,1
SR Watson,BB Sran,3,3,1,1,1,0,1,10,1
SR Watson,CR Brathwaite,3,5,1,1,2,0,1,13,1
SR Watson,GJ Maxwell,1,1,1,1,2,0,1,7,1
SR Watson,HH Pandya,1,2,1,1,2,0,1,8,1
SR Watson,HV Patel,3,1,1,1,2,0,1,9,1
SR Watson,I Sodhi,3,4,1,1,2,0,1,12,1
SR Watson,J Archer,2,4,1,1,1,0,1,10,1
SR Watson,JD Unadkat,9,8,1,1,1,0,3,23,1
SR Watson,JJ Bumrah,2,3,1,1,1,0,3,11,1
SR Watson,K Gowtham,2,11,2,1,1,0,3,20,1
SR Watson,KH Pandya,1,11,1,1,1,0,3,18,1
SR Watson,Kuldeep Yadav,1,2,1,1,1,0,1,7,1
SR Watson,L Plunkett,1,3,1,1,1,0,4,11,1
SR Watson,MG Johnson,2,2,1,1,2,0,1,9,1
SR Watson,MJ McClenaghan,4,4,1,1,1,0,1,12,1
SR Watson,MM Sharma,4,4,1,1,2,0,1,13,1
SR Watson,Mustafizur Rahman,2,1,1,1,1,0,1,7,1
SR Watson,P Negi,2,1,1,1,1,0,1,7,1
SR Watson,PP Chawla,2,1,1,1,1,1,1,8,1
SR Watson,R Tewatia,2,4,1,1,1,1,2,12,1
SR Watson,R Vinay Kumar,2,4,1,1,2,1,1,12,1
SR Watson,Rashid Khan,2,11,1,1,2,1,1,19,1
SR Watson,S Gopal,2,5,1,1,2,1,1,13,1
SR Watson,S Kaul,1,4,2,1,3,1,2,14,1
SR Watson,S Lamichhane,5,4,1,1,3,1,2,17,1
SR Watson,S Mavi,4,3,1,1,3,1,2,15,1
SR Watson,SP Narine,5,3,1,1,1,1,2,14,1
SR Watson,STR Binny,2,4,1,1,5,1,2,16,1
SR Watson,Sandeep Sharma,9,7,3,1,6,1,6,33,1
SR Watson,Shakib Al Hasan,3,7,3,1,2,1,1,18,1
SR Watson,T Curran,1,1,3,1,1,1,1,9,1
SR Watson,TA Boult,9,3,1,1,2,1,1,18,1
SR Watson,TG Southee,2,1,1,1,2,1,1,9,1
SR Watson,UT Yadav,2,1,1,1,2,1,1,9,1
SR Watson,V Shankar,2,3,1,1,2,1,1,11,1
SR Watson,YS Chahal,6,3,1,1,2,1,1,15,1
SS Iyer,A Dananjaya,2,1,0,0,0,0,1,4,0
SS Iyer,AD Russell,4,4,1,0,2,0,1,12,1
SS Iyer,AJ Tye,1,5,1,0,2,1,1,11,1
SS Iyer,AR Patel,1,3,1,0,2,1,1,9,1
SS Iyer,AS Rajpoot,4,3,1,0,2,1,1,12,1
SS Iyer,B Kumar,3,3,1,0,1,1,1,10,1
SS Iyer,BA Stokes,3,6,1,0,1,1,1,13,1
SS Iyer,BB Sran,2,5,1,0,1,1,1,11,1
SS Iyer,BCJ Cutting,2,2,1,0,1,1,1,8,1
SS Iyer,C de Grandhomme,2,2,1,0,2,1,1,9,1
SS Iyer,CR Woakes,2,1,1,0,2,1,1,8,1
SS Iyer,DJ Bravo,2,1,1,0,2,1,1,8,1
SS Iyer,DL Chahar,3,1,1,0,2,1,1,9,1
SS Iyer,DS Kulkarni,2,1,1,0,2,1,1,8,1
SS Iyer,Harbhajan Singh,2,1,1,0,2,1,1,8,1
SS Iyer,J Archer,4,1,1,0,2,1,1,10,1
SS Iyer,JD Unadkat,3,4,1,0,2,1,1,12,1
SS Iyer,JJ Bumrah,2,3,1,0,1,1,1,9,1
SS Iyer,K Gowtham,2,3,1,0,1,1,1,9,1
SS Iyer,KH Pandya,2,2,1,0,1,1,1,8,1
SS Iyer,KM Asif,1,2,1,0,1,1,1,7,1
SS Iyer,Kuldeep Yadav,1,1,2,0,1,1,1,7,1
SS Iyer,L Ngidi,6,2,1,0,1,1,1,12,1
SS Iyer,M Ali,5,9,1,0,1,1,1,18,1
SS Iyer,M Markande,1,3,1,0,1,1,1,8,1
SS Iyer,M Ur Rahman,8,6,2,0,2,1,1,20,1
SS Iyer,MG Johnson,3,3,2,0,1,1,1,11,1
SS Iyer,Mohammed Siraj,6,4,2,0,1,1,1,15,1
SS Iyer,Mustafizur Rahman,5,2,1,0,1,1,1,11,1
SS Iyer,PP Chawla,2,2,1,0,1,1,1,8,1
SS Iyer,R Ashwin,5,7,1,0,1,1,1,16,1
SS Iyer,RA Jadeja,3,5,1,0,1,1,1,12,1
SS Iyer,Rashid Khan,1,4,1,0,1,1,1,9,1
SS Iyer,S Gopal,2,1,1,0,1,1,2,8,1
SS Iyer,S Kaul,4,2,1,0,1,1,2,11,1
SS Iyer,S Mavi,1,2,1,0,1,1,6,12,1
SS Iyer,SP Narine,1,3,1,0,1,1,1,8,1
SS Iyer,SR Watson,1,2,1,0,1,1,1,7,1
SS Iyer,Sandeep Sharma,6,7,1,0,1,1,1,17,1
SS Iyer,Shakib Al Hasan,2,7,1,0,1,1,1,13,1
SS Iyer,TG Southee,2,2,1,0,1,1,1,8,1
SS Iyer,UT Yadav,1,8,1,0,3,1,1,15,1
SS Iyer,Washington Sundar,1,8,1,0,3,1,2,16,1
SS Iyer,YS Chahal,3,5,1,0,1,1,2,13,1
STR Binny,AJ Tye,0,2,1,0,0,0,1,4,0
STR Binny,D Willey,0,1,1,0,0,0,1,3,0
STR Binny,DJ Bravo,1,1,1,0,1,0,1,5,1
STR Binny,Imran Tahir,1,1,1,0,1,0,1,5,1
STR Binny,Kuldeep Yadav,1,1,1,0,1,0,1,5,1
STR Binny,M Ur Rahman,2,1,1,0,1,0,1,6,1
STR Binny,P Krishna,3,1,1,0,1,0,1,7,1
STR Binny,RA Jadeja,1,1,1,0,1,0,1,5,1
STR Binny,SN Thakur,5,2,1,0,1,0,1,10,1
STR Binny,SP Narine,2,1,1,0,1,0,1,6,1
STR Binny,SR Watson,1,4,1,0,1,0,1,8,1
SV Samson,A Mishra,0,1,0,0,0,0,0,1,0
SV Samson,AD Russell,0,2,0,0,0,0,0,2,0
SV Samson,AJ Tye,2,3,0,0,0,0,0,5,1
SV Samson,AR Patel,2,5,1,0,1,0,0,9,1
SV Samson,B Kumar,2,1,1,0,2,0,0,6,1
SV Samson,B Stanlake,4,7,2,1,1,0,0,15,1
SV Samson,Basil Thampi,1,1,1,1,2,0,1,7,1
SV Samson,CH Morris,1,2,1,1,2,0,1,8,1
SV Samson,CR Woakes,1,3,1,1,2,0,2,10,1
SV Samson,D Willey,1,2,1,1,1,0,2,8,1
SV Samson,DJ Bravo,5,1,1,1,1,0,2,11,1
SV Samson,DL Chahar,1,1,1,1,1,0,2,7,1
SV Samson,HH Pandya,3,6,1,1,1,0,2,14,1
SV Samson,J Searles,1,1,1,1,1,0,1,6,1
SV Samson,JJ Bumrah,2,3,1,1,1,0,1,9,1
SV Samson,K Khejroliya,2,3,1,1,1,0,3,11,1
SV Samson,KH Pandya,1,5,4,1,1,0,3,15,1
SV Samson,KV Sharma,1,1,4,1,1,0,3,11,1
SV Samson,Kuldeep Yadav,5,8,1,1,3,0,3,21,1
SV Samson,L Plunkett,1,2,1,1,3,0,3,11,1
SV Samson,M Markande,2,5,1,1,2,0,3,14,1
SV Samson,M Ur Rahman,2,6,1,1,2,0,3,15,1
SV Samson,MJ McClenaghan,1,2,2,1,1,0,3,10,1
SV Samson,MP Stoinis,1,3,1,1,1,0,3,10,1
SV Samson,Mohammed Shami,1,1,1,1,1,0,3,8,1
SV Samson,Mustafizur Rahman,3,5,1,1,1,0,3,14,1
SV Samson,N Rana,3,1,1,1,1,0,3,10,1
SV Samson,P Krishna,2,1,1,1,1,0,3,9,1
SV Samson,P Negi,1,1,1,1,1,0,1,6,1
SV Samson,PP Chawla,3,5,1,1,1,0,1,12,1
SV Samson,R Ashwin,4,7,1,1,2,0,2,17,1
SV Samson,R Tewatia,2,4,1,1,2,0,2,12,1
SV Samson,RA Jadeja,2,3,1,1,2,0,2,11,1
SV Samson,Rashid Khan,2,4,1,1,2,0,2,12,1
SV Samson,S Kaul,4,6,1,1,2,0,2,16,1
SV Samson,S Mavi,3,6,1,1,1,0,2,14,1
SV Samson,S Nadeem,1,4,1,1,1,0,1,9,1
SV Samson,SN Thakur,6,2,1,1,1,0,1,12,1
SV Samson,SP Narine,8,3,2,1,1,0,1,16,1
SV Samson,Sandeep Sharma,5,3,2,1,1,0,1,13,1
SV Samson,Shakib Al Hasan,4,10,4,1,1,0,1,21,1
SV Samson,TA Boult,2,1,4,1,1,0,1,10,1
SV Samson,UT Yadav,2,6,4,1,1,0,3,17,1
SV Samson,Washington Sundar,1,4,4,1,1,0,1,12,1
SV Samson,YS Chahal,4,5,4,1,1,0,1,16,1
SW Billings,A Mishra,1,0,0,0,0,0,0,1,1
SW Billings,AD Russell,1,2,0,0,0,0,2,5,1
SW Billings,AJ Tye,2,2,1,0,0,0,2,7,1
SW Billings,AS Rajpoot,1,2,1,0,0,0,2,6,1
SW Billings,BA Stokes,3,1,1,0,3,0,2,10,1
SW Billings,HH Pandya,1,1,1,0,3,0,2,8,1
SW Billings,I Sodhi,3,1,1,0,3,0,2,10,1
SW Billings,J Archer,3,3,2,0,3,0,2,13,1
SW Billings,JD Unadkat,2,5,1,0,3,0,2,13,1
SW Billings,JJ Bumrah,1,1,1,0,3,0,2,8,1
SW Billings,Kuldeep Yadav,1,1,1,0,3,0,2,8,1
SW Billings,M Ur Rahman,1,1,1,0,1,0,2,6,1
SW Billings,MJ McClenaghan,1,1,1,0,1,0,2,6,1
SW Billings,PP Chawla,1,3,1,0,2,0,2,9,1
SW Billings,R Ashwin,2,3,1,0,2,0,2,10,1
SW Billings,S Gopal,3,1,1,0,2,0,2,9,1
SW Billings,S Lamichhane,3,1,1,0,2,0,2,9,1
SW Billings,SP Narine,3,2,2,0,2,0,2,11,1
SW Billings,T Curran,1,2,1,0,2,0,3,9,1
SW Billings,UT Yadav,3,1,1,0,1,0,3,9,1
SW Billings,YS Chahal,1,1,1,0,1,0,3,7,1
Sandeep Sharma,Mustafizur Rahman,3,0,0,0,0,0,0,3,1
Sandeep Sharma,TG Southee,1,0,0,0,0,0,0,1,1
Shakib Al Hasan,AD Russell,3,1,1,0,3,0,1,9,0
Shakib Al Hasan,AJ Tye,2,2,1,0,1,0,1,7,0
Shakib Al Hasan,BA Stokes,1,1,1,0,1,0,1,5,0
Shakib Al Hasan,BB Sran,3,5,1,0,2,1,1,13,0
Shakib Al Hasan,C de Grandhomme,2,3,1,0,1,1,1,9,0
Shakib Al Hasan,DJ Bravo,4,3,2,0,1,1,1,12,2
Shakib Al Hasan,DL Chahar,5,4,2,0,2,1,1,15,2
Shakib Al Hasan,HH Pandya,1,1,2,0,2,1,1,8,2
Shakib Al Hasan,I Sodhi,1,1,2,0,1,1,1,7,2
Shakib Al Hasan,J Archer,1,1,2,0,1,1,1,7,1
Shakib Al Hasan,K Gowtham,1,1,2,0,1,1,1,7,1
Shakib Al Hasan,KH Pandya,1,2,2,0,1,1,1,8,1
Shakib Al Hasan,KV Sharma,5,2,1,0,1,1,1,11,1
Shakib Al Hasan,Kuldeep Yadav,1,8,1,0,1,1,1,13,1
Shakib Al Hasan,M Ali,1,1,1,0,2,1,1,7,1
Shakib Al Hasan,M Markande,4,2,1,0,2,1,1,11,1
Shakib Al Hasan,M Ur Rahman,4,3,1,0,2,1,1,12,1
Shakib Al Hasan,MJ McClenaghan,1,1,1,0,2,1,1,7,1
Shakib Al Hasan,MK Tiwary,1,3,1,1,2,1,1,10,1
Shakib Al Hasan,MM Sharma,1,3,1,1,2,1,1,10,1
Shakib Al Hasan,Mohammed Siraj,4,4,1,1,2,1,1,14,1
Shakib Al Hasan,Mustafizur Rahman,4,2,1,1,1,1,1,11,1
Shakib Al Hasan,P Krishna,4,1,1,1,1,1,1,10,1
Shakib Al Hasan,PP Chawla,10,5,1,1,2,1,1,21,1
Shakib Al Hasan,R Ashwin,4,6,1,1,2,1,2,17,1
Shakib Al Hasan,RA Jadeja,1,5,1,1,2,1,1,12,1
Shakib Al Hasan,S Mavi,1,2,1,1,2,1,1,9,1
Shakib Al Hasan,SN Thakur,1,4,1,1,1,1,1,10,1
Shakib Al Hasan,SP Narine,1,4,1,1,2,1,1,11,1
Shakib Al Hasan,SR Watson,2,3,1,1,1,1,1,10,1
Shakib Al Hasan,TG Southee,1,3,1,1,1,1,1,9,1
Shakib Al Hasan,UT Yadav,2,3,1,1,1,1,1,10,1
Shakib Al Hasan,YS Chahal,3,4,1,1,1,1,1,12,1
T Curran,AJ Tye,2,0,0,0,0,0,0,2,1
T Curran,BB Sran,2,1,0,0,0,0,0,3,1
T Curran,BCJ Cutting,3,2,0,0,1,0,0,6,1
T Curran,CH Morris,3,1,0,0,1,0,0,5,1
T Curran,DJ Bravo,3,1,0,0,1,0,0,5,1
T Curran,HH Pandya,2,1,0,0,1,0,0,4,1
T Curran,JJ Bumrah,2,1,0,0,1,0,0,4,1
T Curran,KH Pandya,1,1,0,0,1,0,0,3,1
T Curran,M Markande,1,1,0,0,1,0,0,3,1
T Curran,MJ McClenaghan,1,1,0,0,1,0,0,3,1
T Curran,R Tewatia,1,1,0,0,1,0,0,3,1
T Curran,SN Thakur,2,1,0,0,1,0,0,4,1
T Curran,SR Watson,2,1,0,0,1,0,0,4,1
TA Boult,Kuldeep Yadav,1,0,0,0,0,0,0,1,1
TA Boult,SP Narine,1,0,0,0,0,0,0,1,1
TG Southee,D Willey,3,2,1,0,1,0,0,7,0
TG Southee,DJ Bravo,3,3,1,0,1,1,0,9,0
TG Southee,Harbhajan Singh,2,1,1,0,1,1,0,6,0
TG Southee,I Sodhi,2,1,1,0,1,1,0,6,0
TG Southee,J Archer,2,1,1,0,1,1,0,6,0
TG Southee,JD Unadkat,4,2,1,0,1,1,0,9,1
TG Southee,JJ Bumrah,1,1,1,0,1,1,0,5,1
TG Southee,L Ngidi,1,2,1,0,1,1,0,6,1
TG Southee,S Gopal,2,2,1,0,1,1,0,7,1
TG Southee,S Kaul,2,1,1,0,1,1,0,6,1
TG Southee,SN Thakur,2,1,1,0,1,1,1,7,1
UT Yadav,B Laughlin,1,0,0,0,0,0,0,1,1
UT Yadav,D Willey,3,1,0,0,0,0,0,4,1
UT Yadav,DJ Bravo,1,1,0,0,0,0,0,2,1
UT Yadav,JJ Bumrah,1,1,0,0,0,0,0,2,1
UT Yadav,L Ngidi,1,1,0,0,0,0,0,2,1
UT Yadav,MJ McClenaghan,1,2,0,0,0,0,0,3,1
V Kohli,A Mishra,1,5,0,0,1,0,0,7,1
V Kohli,AD Russell,1,7,2,0,1,0,2,13,1
V Kohli,AJ Tye,7,7,2,0,3,0,1,20,1
V Kohli,AR Patel,1,1,2,0,1,0,1,6,1
V Kohli,AS Rajpoot,1,3,2,0,3,0,1,10,1
V Kohli,B Kumar,2,2,2,0,1,0,1,8,1
V Kohli,B Laughlin,1,1,2,0,1,0,1,6,1
V Kohli,BA Stokes,1,2,2,0,2,0,1,8,1
V Kohli,CH Morris,5,3,2,0,1,0,1,12,1
V Kohli,D Short,5,2,2,0,1,0,1,11,1
V Kohli,D Willey,2,2,2,0,1,0,1,8,1
V Kohli,DL Chahar,3,2,2,0,2,0,1,10,1
V Kohli,DS Kulkarni,1,1,2,0,3,0,1,8,1
V Kohli,GJ Maxwell,1,1,2,0,3,0,1,8,1
V Kohli,HH Pandya,2,5,2,0,3,0,1,13,1
V Kohli,HV Patel,3,7,2,0,1,0,1,14,1
V Kohli,Harbhajan Singh,1,1,2,0,1,0,1,6,1
V Kohli,J Archer,1,1,2,0,1,0,1,6,1
V Kohli,J Dala,3,3,2,0,3,0,1,12,1
V Kohli,JD Unadkat,3,2,2,0,3,0,1,11,1
V Kohli,JJ Bumrah,7,8,3,0,2,0,1,21,1
V Kohli,K Gowtham,7,7,3,0,1,0,1,19,1
V Kohli,KH Pandya,4,8,1,0,3,0,1,17,1
V Kohli,Kuldeep Yadav,7,9,2,0,3,0,1,22,1
V Kohli,L Ngidi,7,2,2,0,3,0,1,15,1
V Kohli,M Markande,7,9,1,0,1,0,1,19,1
V Kohli,M Ur Rahman,3,2,1,0,1,0,1,8,1
V Kohli,MG Johnson,2,4,1,0,1,0,1,9,1
V Kohli,MJ McClenaghan,2,6,2,0,1,0,1,12,1
V Kohli,MM Sharma,2,2,2,0,1,0,1,8,1
V Kohli,MP Stoinis,2,1,2,0,2,0,1,8,1
V Kohli,Mustafizur Rahman,1,7,1,0,2,0,1,12,1
V Kohli,N Rana,1,7,1,0,2,0,1,12,1
V Kohli,PP Chawla,3,5,1,0,2,0,1,12,1
V Kohli,R Ashwin,1,4,1,0,1,0,1,8,1
V Kohli,R Tewatia,1,2,1,0,1,0,1,6,1
V Kohli,RA Jadeja,1,2,1,0,1,0,1,6,1
V Kohli,Rashid Khan,9,2,1,0,2,0,1,15,1
V Kohli,S Gopal,2,2,1,0,1,0,1,7,1
V Kohli,S Kaul,1,2,1,0,1,0,1,6,1
V Kohli,S Lamichhane,2,5,1,0,1,0,1,10,1
V Kohli,S Mavi,3,3,1,0,2,0,1,10,1
V Kohli,S Nadeem,2,1,1,0,1,0,1,6,1
V Kohli,SN Thakur,5,2,1,0,2,0,1,11,1
V Kohli,SP Narine,8,6,3,0,2,0,1,20,1
V Kohli,Sandeep Sharma,1,3,3,0,1,0,1,9,1
V Kohli,Shakib Al Hasan,4,6,3,0,2,0,1,16,1
V Kohli,TA Boult,1,7,3,0,1,0,1,13,1
V Shankar,AR Patel,1,2,1,0,0,0,0,4,0
V Shankar,B Kumar,1,1,1,1,1,0,1,6,0
V Shankar,B Laughlin,1,1,1,1,1,0,1,6,1
V Shankar,BCJ Cutting,2,8,1,1,1,0,2,15,1
V Shankar,DJ Bravo,2,10,1,1,1,0,5,20,1
V Shankar,HH Pandya,2,5,1,1,1,0,5,15,1
V Shankar,Harbhajan Singh,3,5,1,1,1,0,5,16,1
V Shankar,J Archer,3,2,1,1,1,0,1,9,1
V Shankar,JD Unadkat,1,2,1,1,1,0,1,7,1
V Shankar,JJ Bumrah,1,6,1,1,1,0,1,11,1
V Shankar,KH Pandya,1,1,1,1,1,0,1,6,1
V Shankar,KM Asif,1,1,1,1,1,0,1,6,1
V Shankar,L Ngidi,1,8,1,1,1,0,1,13,1
V Shankar,MM Sharma,1,8,1,1,1,0,1,13,1
V Shankar,MP Stoinis,1,3,1,1,1,0,1,8,1
V Shankar,Mohammed Siraj,1,5,1,1,1,0,1,10,1
V Shankar,Mustafizur Rahman,1,1,1,1,1,0,1,6,1
V Shankar,R Ashwin,1,3,1,1,1,0,1,8,1
V Shankar,RA Jadeja,6,6,1,1,1,0,1,16,1
V Shankar,Rashid Khan,2,1,1,1,1,0,1,7,1
V Shankar,S Kaul,2,3,1,1,1,0,1,9,1
V Shankar,SN Thakur,3,4,1,1,1,0,1,11,1
V Shankar,SP Narine,1,1,1,1,1,0,1,6,1
V Shankar,Shakib Al Hasan,1,1,1,1,1,0,1,6,1
V Shankar,T Curran,1,1,1,1,1,0,1,6,1
V Shankar,TG Southee,1,3,1,1,1,0,1,8,1
V Shankar,UT Yadav,2,1,1,1,1,0,1,7,1
V Shankar,YS Chahal,3,1,1,1,1,0,1,8,1
WP Saha,AD Russell,1,1,0,0,1,0,0,3,0
WP Saha,AS Rajpoot,4,1,0,0,1,0,0,6,1
WP Saha,BB Sran,5,3,0,0,1,0,0,9,1
WP Saha,BCJ Cutting,5,2,0,0,1,0,0,8,1
WP Saha,DJ Bravo,1,1,1,0,1,0,0,4,1
WP Saha,DS Kulkarni,1,1,1,0,1,0,0,4,1
WP Saha,J Archer,1,3,1,0,1,0,0,6,1
WP Saha,JD Unadkat,2,2,2,0,1,0,0,7,1
WP Saha,JJ Bumrah,1,3,2,0,1,0,0,7,1
WP Saha,KH Pandya,1,2,2,0,1,0,0,6,1
WP Saha,Kuldeep Yadav,1,2,2,0,2,0,0,7,1
WP Saha,M Markande,1,1,2,0,2,0,0,6,1
WP Saha,MG Johnson,6,4,1,0,4,0,0,15,1
WP Saha,MJ McClenaghan,2,4,1,0,4,0,0,11,1
WP Saha,MM Sharma,1,1,1,0,1,0,0,4,1
WP Saha,Mohammed Siraj,2,1,1,0,1,0,1,6,1
WP Saha,P Krishna,2,3,1,0,1,0,1,8,1
WP Saha,PJ Sangwan,4,2,1,0,2,0,1,10,1
WP Saha,PP Chawla,1,1,1,0,2,0,1,6,1
WP Saha,S Mavi,3,6,1,0,2,0,1,13,1
WP Saha,SN Thakur,3,2,1,0,2,0,1,9,1
WP Saha,SP Narine,1,2,1,0,2,0,1,7,1
WP Saha,TG Southee,1,1,1,0,2,0,1,6,1
Washington Sundar,AJ Tye,0,1,0,0,0,0,0,1,0
Washington Sundar,B Laughlin,1,5,1,0,0,0,1,8,0
Washington Sundar,BA Stokes,5,2,1,1,1,0,1,11,1
Washington Sundar,DJ Bravo,5,1,1,1,1,0,1,10,1
Washington Sundar,HH Pandya,2,1,1,1,1,0,1,7,1
Washington Sundar,JD Unadkat,2,1,1,1,1,0,1,7,1
Washington Sundar,KH Pandya,3,1,1,1,1,0,1,8,1
Washington Sundar,M Markande,1,2,1,1,1,0,1,7,1
Washington Sundar,MM Sharma,1,2,1,1,2,0,1,8,1
YK Pathan,AD Russell,0,1,0,0,1,0,1,3,0
YK Pathan,AJ Tye,3,3,0,0,2,0,1,9,0
YK Pathan,AS Rajpoot,1,1,0,0,2,0,1,5,0
YK Pathan,BB Sran,1,2,0,0,2,0,1,6,0
YK Pathan,BCJ Cutting,3,2,0,0,2,0,1,8,0
YK Pathan,DJ Bravo,7,11,4,0,4,0,2,28,1
YK Pathan,DL Chahar,4,2,4,0,4,0,2,16,1
YK Pathan,DT Christian,4,1,1,0,1,0,1,8,1
YK Pathan,HH Pandya,2,2,1,0,1,0,1,7,1
YK Pathan,J Archer,1,2,1,0,1,0,1,6,1
YK Pathan,JJ Bumrah,5,6,1,0,1,0,1,14,1
YK Pathan,KH Pandya,2,4,1,0,1,0,1,9,1
YK Pathan,KV Sharma,5,6,2,0,1,0,1,15,1
YK Pathan,Kuldeep Yadav,1,1,2,0,1,0,1,6,1
YK Pathan,L Ngidi,1,3,2,0,1,0,1,8,1
YK Pathan,L Plunkett,1,2,2,0,1,0,1,7,1
YK Pathan,M Markande,1,2,2,0,1,0,1,7,1
YK Pathan,M Ur Rahman,5,1,1,0,1,0,1,9,1
YK Pathan,MG Johnson,2,1,1,0,1,0,1,6,1
YK Pathan,MJ McClenaghan,1,1,1,0,1,0,1,5,1
YK Pathan,MM Sharma,2,1,1,0,2,0,1,7,1
YK Pathan,Mohammed Siraj,1,2,1,0,2,0,1,7,1
YK Pathan,Mustafizur Rahman,7,5,1,0,2,0,1,16,1
YK Pathan,P Krishna,1,4,1,0,2,0,1,9,1
YK Pathan,R Ashwin,1,1,3,0,2,0,1,8,1
YK Pathan,RA Jadeja,7,9,3,0,1,0,1,21,1
YK Pathan,S Mavi,1,9,3,0,1,0,1,15,1
YK Pathan,SN Thakur,5,7,1,0,2,0,2,17,1
YK Pathan,SP Narine,3,1,1,0,2,0,2,9,1
YK Pathan,TA Boult,1,3,1,0,1,0,1,7,1
YK Pathan,TG Southee,1,2,1,0,2,0,1,7,1
YS Chahal,J Archer,3,1,0,0,0,0,0,4,0
Yuvraj Singh,A Mishra,4,2,2,0,0,0,0,8,0
Yuvraj Singh,Avesh Khan,1,2,2,0,1,0,0,6,1
Yuvraj Singh,BCJ Cutting,1,2,2,0,1,0,0,6,1
Yuvraj Singh,CH Morris,4,1,2,0,2,0,0,9,1
Yuvraj Singh,DJ Bravo,4,1,1,0,2,0,0,8,1
Yuvraj Singh,DT Christian,6,2,1,0,2,0,0,11,1
Yuvraj Singh,GJ Maxwell,6,2,1,0,2,0,0,11,1
Yuvraj Singh,HH Pandya,6,2,1,0,2,0,0,11,1
Yuvraj Singh,Imran Tahir,4,2,1,0,2,0,1,10,1
Yuvraj Singh,JJ Bumrah,4,1,1,0,2,0,1,9,1
Yuvraj Singh,JP Duminy,1,2,1,0,2,0,1,7,1
Yuvraj Singh,KH Pandya,1,1,1,0,2,0,1,6,1
Yuvraj Singh,L Plunkett,1,1,1,0,2,0,1,6,1
Yuvraj Singh,M Markande,3,1,1,0,2,0,1,8,1
Yuvraj Singh,MJ McClenaghan,2,1,1,0,2,0,1,7,1
Yuvraj Singh,Mohammed Shami,2,1,1,0,2,0,1,7,1
Yuvraj Singh,R Tewatia,2,1,1,0,2,0,1,7,1
Yuvraj Singh,SN Thakur,1,1,1,0,2,0,1,6,1
Yuvraj Singh,SR Watson,1,1,1,0,2,0,1,6,1
Yuvraj Singh,TA Boult,7,1,1,0,2,0,1,12,1
Yuvraj Singh,UT Yadav,3,1,1,0,1,0,1,7,1
